INFO - 2025-12-24 03:04:50 --> Session: Class initialized using 'CodeIgniter\Session\Handlers\FileHandler' driver.
INFO - 2025-12-24 03:04:50 --> Session: Class initialized using 'CodeIgniter\Session\Handlers\FileHandler' driver.
INFO - 2025-12-24 03:05:12 --> Session: Class initialized using 'CodeIgniter\Session\Handlers\FileHandler' driver.
INFO - 2025-12-24 03:05:12 --> Session: Class initialized using 'CodeIgniter\Session\Handlers\FileHandler' driver.
CRITICAL - 2025-12-24 03:05:13 --> ErrorException: Type of App\Models\Superadmin\ApplicationModel::$casts must be array (as in class CodeIgniter\BaseModel)
[Method: GET, Route: superadmin/dashboard]
in APPPATH\Models\Superadmin\ApplicationModel.php on line 9.
 1 [internal function]: CodeIgniter\Debug\Exceptions->shutdownHandler()
INFO - 2025-12-24 03:08:15 --> Session: Class initialized using 'CodeIgniter\Session\Handlers\FileHandler' driver.
CRITICAL - 2025-12-24 03:08:15 --> ErrorException: Type of App\Models\Superadmin\ApplicationModel::$casts must be array (as in class CodeIgniter\BaseModel)
[Method: GET, Route: superadmin/dashboard]
in APPPATH\Models\Superadmin\ApplicationModel.php on line 11.
 1 [internal function]: CodeIgniter\Debug\Exceptions->shutdownHandler()
INFO - 2025-12-24 03:08:17 --> Session: Class initialized using 'CodeIgniter\Session\Handlers\FileHandler' driver.
CRITICAL - 2025-12-24 03:08:17 --> ErrorException: Type of App\Models\Superadmin\ApplicationModel::$casts must be array (as in class CodeIgniter\BaseModel)
[Method: GET, Route: superadmin/dashboard]
in APPPATH\Models\Superadmin\ApplicationModel.php on line 11.
 1 [internal function]: CodeIgniter\Debug\Exceptions->shutdownHandler()
INFO - 2025-12-24 03:08:57 --> Session: Class initialized using 'CodeIgniter\Session\Handlers\FileHandler' driver.
CRITICAL - 2025-12-24 03:08:57 --> ErrorException: Type of App\Models\Superadmin\ApplicationModel::$casts must be array (as in class CodeIgniter\BaseModel)
[Method: GET, Route: superadmin/dashboard]
in APPPATH\Models\Superadmin\ApplicationModel.php on line 11.
 1 [internal function]: CodeIgniter\Debug\Exceptions->shutdownHandler()
INFO - 2025-12-24 03:10:54 --> Session: Class initialized using 'CodeIgniter\Session\Handlers\FileHandler' driver.
CRITICAL - 2025-12-24 03:10:54 --> Error: Class "App\Models\Superadmin\ApplicationModel" not found
[Method: GET, Route: superadmin/dashboard]
in APPPATH\Controllers\Superadmin\DashboardController.php on line 45.
 1 SYSTEMPATH\CodeIgniter.php(903): App\Controllers\Superadmin\DashboardController->__construct()
 2 SYSTEMPATH\CodeIgniter.php(500): CodeIgniter\CodeIgniter->createController()
 3 SYSTEMPATH\CodeIgniter.php(355): CodeIgniter\CodeIgniter->handleRequest(null, Object(Config\Cache), false)
 4 SYSTEMPATH\Boot.php(325): CodeIgniter\CodeIgniter->run()
 5 SYSTEMPATH\Boot.php(67): CodeIgniter\Boot::runCodeIgniter(Object(CodeIgniter\CodeIgniter))
 6 FCPATH\index.php(56): CodeIgniter\Boot::bootWeb(Object(Config\Paths))
 7 SYSTEMPATH\rewrite.php(44): require_once('C:\\laragon\\www\\DataStat\\public\\index.php')
INFO - 2025-12-24 03:12:38 --> Session: Class initialized using 'CodeIgniter\Session\Handlers\FileHandler' driver.
CRITICAL - 2025-12-24 03:12:38 --> ErrorException: Type of App\Models\Owner\ApplicationModel::$casts must be array (as in class CodeIgniter\BaseModel)
[Method: GET, Route: superadmin/dashboard]
in APPPATH\Models\Owner\ApplicationModel.php on line 36.
 1 [internal function]: CodeIgniter\Debug\Exceptions->shutdownHandler()
INFO - 2025-12-24 03:13:37 --> Session: Class initialized using 'CodeIgniter\Session\Handlers\FileHandler' driver.
CRITICAL - 2025-12-24 03:13:37 --> ErrorException: Type of App\Models\Owner\ApplicationModel::$casts must be array (as in class CodeIgniter\BaseModel)
[Method: GET, Route: superadmin/dashboard]
in APPPATH\Models\Owner\ApplicationModel.php on line 36.
 1 [internal function]: CodeIgniter\Debug\Exceptions->shutdownHandler()
INFO - 2025-12-24 03:13:38 --> Session: Class initialized using 'CodeIgniter\Session\Handlers\FileHandler' driver.
CRITICAL - 2025-12-24 03:13:39 --> ErrorException: Type of App\Models\Owner\ApplicationModel::$casts must be array (as in class CodeIgniter\BaseModel)
[Method: GET, Route: superadmin/dashboard]
in APPPATH\Models\Owner\ApplicationModel.php on line 36.
 1 [internal function]: CodeIgniter\Debug\Exceptions->shutdownHandler()
INFO - 2025-12-24 03:21:12 --> Session: Class initialized using 'CodeIgniter\Session\Handlers\FileHandler' driver.
CRITICAL - 2025-12-24 03:21:13 --> ErrorException: Type of App\Models\Owner\ApplicationModel::$casts must be array (as in class CodeIgniter\BaseModel)
[Method: GET, Route: superadmin/dashboard]
in APPPATH\Models\Owner\ApplicationModel.php on line 36.
 1 [internal function]: CodeIgniter\Debug\Exceptions->shutdownHandler()
INFO - 2025-12-24 03:21:15 --> Session: Class initialized using 'CodeIgniter\Session\Handlers\FileHandler' driver.
CRITICAL - 2025-12-24 03:21:15 --> ErrorException: Type of App\Models\Owner\ApplicationModel::$casts must be array (as in class CodeIgniter\BaseModel)
[Method: GET, Route: superadmin/dashboard]
in APPPATH\Models\Owner\ApplicationModel.php on line 36.
 1 [internal function]: CodeIgniter\Debug\Exceptions->shutdownHandler()
INFO - 2025-12-24 03:23:36 --> Session: Class initialized using 'CodeIgniter\Session\Handlers\FileHandler' driver.
CRITICAL - 2025-12-24 03:23:36 --> ErrorException: Type of App\Models\Owner\DatasetModel::$casts must be array (as in class CodeIgniter\BaseModel)
[Method: GET, Route: superadmin/dashboard]
in APPPATH\Models\Owner\DatasetModel.php on line 38.
 1 [internal function]: CodeIgniter\Debug\Exceptions->shutdownHandler()
INFO - 2025-12-24 03:23:37 --> Session: Class initialized using 'CodeIgniter\Session\Handlers\FileHandler' driver.
CRITICAL - 2025-12-24 03:23:37 --> ErrorException: Type of App\Models\Owner\DatasetModel::$casts must be array (as in class CodeIgniter\BaseModel)
[Method: GET, Route: superadmin/dashboard]
in APPPATH\Models\Owner\DatasetModel.php on line 38.
 1 [internal function]: CodeIgniter\Debug\Exceptions->shutdownHandler()
INFO - 2025-12-24 03:23:38 --> Session: Class initialized using 'CodeIgniter\Session\Handlers\FileHandler' driver.
CRITICAL - 2025-12-24 03:23:38 --> ErrorException: Type of App\Models\Owner\DatasetModel::$casts must be array (as in class CodeIgniter\BaseModel)
[Method: GET, Route: superadmin/dashboard]
in APPPATH\Models\Owner\DatasetModel.php on line 38.
 1 [internal function]: CodeIgniter\Debug\Exceptions->shutdownHandler()
INFO - 2025-12-24 03:26:20 --> Session: Class initialized using 'CodeIgniter\Session\Handlers\FileHandler' driver.
CRITICAL - 2025-12-24 03:26:20 --> ErrorException: Type of App\Models\Owner\StatisticConfigModel::$casts must be array (as in class CodeIgniter\BaseModel)
[Method: GET, Route: superadmin/dashboard]
in APPPATH\Models\Owner\StatisticConfigModel.php on line 40.
 1 [internal function]: CodeIgniter\Debug\Exceptions->shutdownHandler()
INFO - 2025-12-24 03:26:21 --> Session: Class initialized using 'CodeIgniter\Session\Handlers\FileHandler' driver.
CRITICAL - 2025-12-24 03:26:21 --> ErrorException: Type of App\Models\Owner\StatisticConfigModel::$casts must be array (as in class CodeIgniter\BaseModel)
[Method: GET, Route: superadmin/dashboard]
in APPPATH\Models\Owner\StatisticConfigModel.php on line 40.
 1 [internal function]: CodeIgniter\Debug\Exceptions->shutdownHandler()
INFO - 2025-12-24 03:26:22 --> Session: Class initialized using 'CodeIgniter\Session\Handlers\FileHandler' driver.
CRITICAL - 2025-12-24 03:26:22 --> ErrorException: Type of App\Models\Owner\StatisticConfigModel::$casts must be array (as in class CodeIgniter\BaseModel)
[Method: GET, Route: superadmin/dashboard]
in APPPATH\Models\Owner\StatisticConfigModel.php on line 40.
 1 [internal function]: CodeIgniter\Debug\Exceptions->shutdownHandler()
INFO - 2025-12-24 03:26:31 --> Session: Class initialized using 'CodeIgniter\Session\Handlers\FileHandler' driver.
INFO - 2025-12-24 03:27:49 --> Session: Class initialized using 'CodeIgniter\Session\Handlers\FileHandler' driver.
INFO - 2025-12-24 03:27:53 --> Session: Class initialized using 'CodeIgniter\Session\Handlers\FileHandler' driver.
INFO - 2025-12-24 03:27:55 --> Session: Class initialized using 'CodeIgniter\Session\Handlers\FileHandler' driver.
INFO - 2025-12-24 03:27:58 --> Session: Class initialized using 'CodeIgniter\Session\Handlers\FileHandler' driver.
INFO - 2025-12-24 03:28:06 --> Session: Class initialized using 'CodeIgniter\Session\Handlers\FileHandler' driver.
INFO - 2025-12-24 03:28:55 --> Session: Class initialized using 'CodeIgniter\Session\Handlers\FileHandler' driver.
INFO - 2025-12-24 03:29:06 --> Session: Class initialized using 'CodeIgniter\Session\Handlers\FileHandler' driver.
INFO - 2025-12-24 03:30:34 --> Session: Class initialized using 'CodeIgniter\Session\Handlers\FileHandler' driver.
INFO - 2025-12-24 03:30:37 --> Session: Class initialized using 'CodeIgniter\Session\Handlers\FileHandler' driver.
INFO - 2025-12-24 03:32:54 --> Session: Class initialized using 'CodeIgniter\Session\Handlers\FileHandler' driver.
INFO - 2025-12-24 03:34:16 --> Session: Class initialized using 'CodeIgniter\Session\Handlers\FileHandler' driver.
INFO - 2025-12-24 03:34:18 --> Session: Class initialized using 'CodeIgniter\Session\Handlers\FileHandler' driver.
INFO - 2025-12-24 03:34:21 --> Session: Class initialized using 'CodeIgniter\Session\Handlers\FileHandler' driver.
CRITICAL - 2025-12-24 03:34:21 --> Error: Call to undefined function App\Controllers\Auth\delete_cookie()
[Method: GET, Route: logout]
in APPPATH\Controllers\Auth\LogoutController.php on line 52.
 1 APPPATH\Controllers\Auth\LogoutController.php(39): App\Controllers\Auth\LogoutController->deleteRememberMeCookie()
 2 SYSTEMPATH\CodeIgniter.php(933): App\Controllers\Auth\LogoutController->index()
 3 SYSTEMPATH\CodeIgniter.php(509): CodeIgniter\CodeIgniter->runController(Object(App\Controllers\Auth\LogoutController))
 4 SYSTEMPATH\CodeIgniter.php(355): CodeIgniter\CodeIgniter->handleRequest(null, Object(Config\Cache), false)
 5 SYSTEMPATH\Boot.php(325): CodeIgniter\CodeIgniter->run()
 6 SYSTEMPATH\Boot.php(67): CodeIgniter\Boot::runCodeIgniter(Object(CodeIgniter\CodeIgniter))
 7 FCPATH\index.php(56): CodeIgniter\Boot::bootWeb(Object(Config\Paths))
 8 SYSTEMPATH\rewrite.php(44): require_once('C:\\laragon\\www\\DataStat\\public\\index.php')
INFO - 2025-12-24 03:34:59 --> Session: Class initialized using 'CodeIgniter\Session\Handlers\FileHandler' driver.
INFO - 2025-12-24 03:34:59 --> Session: Class initialized using 'CodeIgniter\Session\Handlers\FileHandler' driver.
INFO - 2025-12-24 03:45:25 --> Session: Class initialized using 'CodeIgniter\Session\Handlers\FileHandler' driver.
INFO - 2025-12-24 03:45:34 --> Session: Class initialized using 'CodeIgniter\Session\Handlers\FileHandler' driver.
INFO - 2025-12-24 03:45:35 --> Session: Class initialized using 'CodeIgniter\Session\Handlers\FileHandler' driver.
INFO - 2025-12-24 03:45:38 --> Session: Class initialized using 'CodeIgniter\Session\Handlers\FileHandler' driver.
INFO - 2025-12-24 03:45:39 --> Session: Class initialized using 'CodeIgniter\Session\Handlers\FileHandler' driver.
INFO - 2025-12-24 03:46:02 --> Session: Class initialized using 'CodeIgniter\Session\Handlers\FileHandler' driver.
INFO - 2025-12-24 03:46:02 --> Session: Class initialized using 'CodeIgniter\Session\Handlers\FileHandler' driver.
INFO - 2025-12-24 03:46:03 --> Session: Class initialized using 'CodeIgniter\Session\Handlers\FileHandler' driver.
INFO - 2025-12-24 03:46:19 --> Session: Class initialized using 'CodeIgniter\Session\Handlers\FileHandler' driver.
INFO - 2025-12-24 03:46:19 --> Session: Class initialized using 'CodeIgniter\Session\Handlers\FileHandler' driver.
INFO - 2025-12-24 03:46:21 --> Session: Class initialized using 'CodeIgniter\Session\Handlers\FileHandler' driver.
INFO - 2025-12-24 03:46:21 --> Session: Class initialized using 'CodeIgniter\Session\Handlers\FileHandler' driver.
INFO - 2025-12-24 03:46:39 --> Session: Class initialized using 'CodeIgniter\Session\Handlers\FileHandler' driver.
INFO - 2025-12-24 03:46:40 --> Session: Class initialized using 'CodeIgniter\Session\Handlers\FileHandler' driver.
INFO - 2025-12-24 03:47:09 --> Session: Class initialized using 'CodeIgniter\Session\Handlers\FileHandler' driver.
INFO - 2025-12-24 03:47:09 --> Session: Class initialized using 'CodeIgniter\Session\Handlers\FileHandler' driver.
INFO - 2025-12-24 03:47:10 --> Session: Class initialized using 'CodeIgniter\Session\Handlers\FileHandler' driver.
INFO - 2025-12-24 03:47:14 --> Session: Class initialized using 'CodeIgniter\Session\Handlers\FileHandler' driver.
INFO - 2025-12-24 03:47:15 --> Session: Class initialized using 'CodeIgniter\Session\Handlers\FileHandler' driver.
INFO - 2025-12-24 03:47:15 --> Session: Class initialized using 'CodeIgniter\Session\Handlers\FileHandler' driver.
INFO - 2025-12-24 03:47:20 --> Session: Class initialized using 'CodeIgniter\Session\Handlers\FileHandler' driver.
INFO - 2025-12-24 03:47:20 --> Session: Class initialized using 'CodeIgniter\Session\Handlers\FileHandler' driver.
INFO - 2025-12-24 03:47:21 --> Session: Class initialized using 'CodeIgniter\Session\Handlers\FileHandler' driver.
INFO - 2025-12-24 03:52:08 --> Session: Class initialized using 'CodeIgniter\Session\Handlers\FileHandler' driver.
INFO - 2025-12-24 03:52:08 --> Session: Class initialized using 'CodeIgniter\Session\Handlers\FileHandler' driver.
INFO - 2025-12-24 03:52:09 --> Session: Class initialized using 'CodeIgniter\Session\Handlers\FileHandler' driver.
INFO - 2025-12-24 03:52:10 --> Session: Class initialized using 'CodeIgniter\Session\Handlers\FileHandler' driver.
INFO - 2025-12-24 03:55:46 --> Session: Class initialized using 'CodeIgniter\Session\Handlers\FileHandler' driver.
INFO - 2025-12-24 03:55:48 --> Session: Class initialized using 'CodeIgniter\Session\Handlers\FileHandler' driver.
INFO - 2025-12-24 03:56:21 --> Session: Class initialized using 'CodeIgniter\Session\Handlers\FileHandler' driver.
INFO - 2025-12-24 03:56:22 --> Session: Class initialized using 'CodeIgniter\Session\Handlers\FileHandler' driver.
INFO - 2025-12-24 03:56:45 --> Session: Class initialized using 'CodeIgniter\Session\Handlers\FileHandler' driver.
INFO - 2025-12-24 03:56:46 --> Session: Class initialized using 'CodeIgniter\Session\Handlers\FileHandler' driver.
INFO - 2025-12-24 03:56:46 --> Session: Class initialized using 'CodeIgniter\Session\Handlers\FileHandler' driver.
INFO - 2025-12-24 03:56:47 --> Session: Class initialized using 'CodeIgniter\Session\Handlers\FileHandler' driver.
INFO - 2025-12-24 03:56:47 --> Session: Class initialized using 'CodeIgniter\Session\Handlers\FileHandler' driver.
INFO - 2025-12-24 03:57:23 --> Session: Class initialized using 'CodeIgniter\Session\Handlers\FileHandler' driver.
INFO - 2025-12-24 03:57:23 --> Session: Class initialized using 'CodeIgniter\Session\Handlers\FileHandler' driver.
INFO - 2025-12-24 03:57:24 --> Session: Class initialized using 'CodeIgniter\Session\Handlers\FileHandler' driver.
INFO - 2025-12-24 03:57:45 --> Session: Class initialized using 'CodeIgniter\Session\Handlers\FileHandler' driver.
INFO - 2025-12-24 03:57:45 --> Session: Class initialized using 'CodeIgniter\Session\Handlers\FileHandler' driver.
INFO - 2025-12-24 03:57:45 --> Session: Class initialized using 'CodeIgniter\Session\Handlers\FileHandler' driver.
INFO - 2025-12-24 03:57:49 --> Session: Class initialized using 'CodeIgniter\Session\Handlers\FileHandler' driver.
INFO - 2025-12-24 03:57:50 --> Session: Class initialized using 'CodeIgniter\Session\Handlers\FileHandler' driver.
INFO - 2025-12-24 03:57:50 --> Session: Class initialized using 'CodeIgniter\Session\Handlers\FileHandler' driver.
INFO - 2025-12-24 03:57:52 --> Session: Class initialized using 'CodeIgniter\Session\Handlers\FileHandler' driver.
INFO - 2025-12-24 03:57:53 --> Session: Class initialized using 'CodeIgniter\Session\Handlers\FileHandler' driver.
INFO - 2025-12-24 03:57:59 --> Session: Class initialized using 'CodeIgniter\Session\Handlers\FileHandler' driver.
INFO - 2025-12-24 03:57:59 --> Session: Class initialized using 'CodeIgniter\Session\Handlers\FileHandler' driver.
INFO - 2025-12-24 03:57:59 --> Session: Class initialized using 'CodeIgniter\Session\Handlers\FileHandler' driver.
INFO - 2025-12-24 03:58:15 --> Session: Class initialized using 'CodeIgniter\Session\Handlers\FileHandler' driver.
INFO - 2025-12-24 03:59:12 --> Session: Class initialized using 'CodeIgniter\Session\Handlers\FileHandler' driver.
INFO - 2025-12-24 04:00:19 --> Session: Class initialized using 'CodeIgniter\Session\Handlers\FileHandler' driver.
INFO - 2025-12-24 04:00:20 --> Session: Class initialized using 'CodeIgniter\Session\Handlers\FileHandler' driver.
INFO - 2025-12-24 04:09:10 --> Session: Class initialized using 'CodeIgniter\Session\Handlers\FileHandler' driver.
INFO - 2025-12-24 04:09:11 --> Session: Class initialized using 'CodeIgniter\Session\Handlers\FileHandler' driver.
INFO - 2025-12-24 04:14:35 --> Session: Class initialized using 'CodeIgniter\Session\Handlers\FileHandler' driver.
INFO - 2025-12-24 04:14:35 --> Session: Class initialized using 'CodeIgniter\Session\Handlers\FileHandler' driver.
INFO - 2025-12-24 04:14:36 --> Session: Class initialized using 'CodeIgniter\Session\Handlers\FileHandler' driver.
INFO - 2025-12-24 04:14:37 --> Session: Class initialized using 'CodeIgniter\Session\Handlers\FileHandler' driver.
INFO - 2025-12-24 04:14:38 --> Session: Class initialized using 'CodeIgniter\Session\Handlers\FileHandler' driver.
INFO - 2025-12-24 04:14:39 --> Session: Class initialized using 'CodeIgniter\Session\Handlers\FileHandler' driver.
INFO - 2025-12-24 04:14:39 --> Session: Class initialized using 'CodeIgniter\Session\Handlers\FileHandler' driver.
INFO - 2025-12-24 04:14:40 --> Session: Class initialized using 'CodeIgniter\Session\Handlers\FileHandler' driver.
INFO - 2025-12-24 04:14:40 --> Session: Class initialized using 'CodeIgniter\Session\Handlers\FileHandler' driver.
INFO - 2025-12-24 04:14:40 --> Session: Class initialized using 'CodeIgniter\Session\Handlers\FileHandler' driver.
INFO - 2025-12-24 04:14:40 --> Session: Class initialized using 'CodeIgniter\Session\Handlers\FileHandler' driver.
INFO - 2025-12-24 04:14:40 --> Session: Class initialized using 'CodeIgniter\Session\Handlers\FileHandler' driver.
INFO - 2025-12-24 04:14:41 --> Session: Class initialized using 'CodeIgniter\Session\Handlers\FileHandler' driver.
INFO - 2025-12-24 04:14:41 --> Session: Class initialized using 'CodeIgniter\Session\Handlers\FileHandler' driver.
INFO - 2025-12-24 04:14:41 --> Session: Class initialized using 'CodeIgniter\Session\Handlers\FileHandler' driver.
INFO - 2025-12-24 04:14:41 --> Session: Class initialized using 'CodeIgniter\Session\Handlers\FileHandler' driver.
INFO - 2025-12-24 04:15:16 --> Session: Class initialized using 'CodeIgniter\Session\Handlers\FileHandler' driver.
INFO - 2025-12-24 04:15:17 --> Session: Class initialized using 'CodeIgniter\Session\Handlers\FileHandler' driver.
INFO - 2025-12-24 04:15:18 --> Session: Class initialized using 'CodeIgniter\Session\Handlers\FileHandler' driver.
INFO - 2025-12-24 04:15:22 --> Session: Class initialized using 'CodeIgniter\Session\Handlers\FileHandler' driver.
INFO - 2025-12-24 04:15:27 --> Session: Class initialized using 'CodeIgniter\Session\Handlers\FileHandler' driver.
INFO - 2025-12-24 04:15:29 --> Session: Class initialized using 'CodeIgniter\Session\Handlers\FileHandler' driver.
INFO - 2025-12-24 04:16:00 --> Session: Class initialized using 'CodeIgniter\Session\Handlers\FileHandler' driver.
INFO - 2025-12-24 04:16:00 --> Session: Class initialized using 'CodeIgniter\Session\Handlers\FileHandler' driver.
INFO - 2025-12-24 04:16:55 --> Session: Class initialized using 'CodeIgniter\Session\Handlers\FileHandler' driver.
INFO - 2025-12-24 04:16:55 --> Session: Class initialized using 'CodeIgniter\Session\Handlers\FileHandler' driver.
INFO - 2025-12-24 04:16:56 --> Session: Class initialized using 'CodeIgniter\Session\Handlers\FileHandler' driver.
INFO - 2025-12-24 04:17:01 --> Session: Class initialized using 'CodeIgniter\Session\Handlers\FileHandler' driver.
INFO - 2025-12-24 04:17:02 --> Session: Class initialized using 'CodeIgniter\Session\Handlers\FileHandler' driver.
INFO - 2025-12-24 04:17:02 --> Session: Class initialized using 'CodeIgniter\Session\Handlers\FileHandler' driver.
INFO - 2025-12-24 04:17:03 --> Session: Class initialized using 'CodeIgniter\Session\Handlers\FileHandler' driver.
INFO - 2025-12-24 04:17:24 --> Session: Class initialized using 'CodeIgniter\Session\Handlers\FileHandler' driver.
INFO - 2025-12-24 04:17:24 --> Session: Class initialized using 'CodeIgniter\Session\Handlers\FileHandler' driver.
INFO - 2025-12-24 04:17:25 --> Session: Class initialized using 'CodeIgniter\Session\Handlers\FileHandler' driver.
INFO - 2025-12-24 04:17:46 --> Session: Class initialized using 'CodeIgniter\Session\Handlers\FileHandler' driver.
INFO - 2025-12-24 04:18:42 --> Session: Class initialized using 'CodeIgniter\Session\Handlers\FileHandler' driver.
INFO - 2025-12-24 04:18:43 --> Session: Class initialized using 'CodeIgniter\Session\Handlers\FileHandler' driver.
INFO - 2025-12-24 04:18:43 --> Session: Class initialized using 'CodeIgniter\Session\Handlers\FileHandler' driver.
INFO - 2025-12-24 04:18:50 --> Session: Class initialized using 'CodeIgniter\Session\Handlers\FileHandler' driver.
INFO - 2025-12-24 04:19:00 --> Session: Class initialized using 'CodeIgniter\Session\Handlers\FileHandler' driver.
INFO - 2025-12-24 04:19:01 --> Session: Class initialized using 'CodeIgniter\Session\Handlers\FileHandler' driver.
INFO - 2025-12-24 04:19:09 --> Session: Class initialized using 'CodeIgniter\Session\Handlers\FileHandler' driver.
INFO - 2025-12-24 04:19:10 --> Session: Class initialized using 'CodeIgniter\Session\Handlers\FileHandler' driver.
INFO - 2025-12-24 04:23:27 --> Session: Class initialized using 'CodeIgniter\Session\Handlers\FileHandler' driver.
INFO - 2025-12-24 04:23:27 --> Session: Class initialized using 'CodeIgniter\Session\Handlers\FileHandler' driver.
INFO - 2025-12-24 04:23:27 --> Session: Class initialized using 'CodeIgniter\Session\Handlers\FileHandler' driver.
INFO - 2025-12-24 04:23:28 --> Session: Class initialized using 'CodeIgniter\Session\Handlers\FileHandler' driver.
INFO - 2025-12-24 04:23:28 --> Session: Class initialized using 'CodeIgniter\Session\Handlers\FileHandler' driver.
INFO - 2025-12-24 04:23:28 --> Session: Class initialized using 'CodeIgniter\Session\Handlers\FileHandler' driver.
INFO - 2025-12-24 04:23:29 --> Session: Class initialized using 'CodeIgniter\Session\Handlers\FileHandler' driver.
INFO - 2025-12-24 04:23:29 --> Session: Class initialized using 'CodeIgniter\Session\Handlers\FileHandler' driver.
INFO - 2025-12-24 04:23:29 --> Session: Class initialized using 'CodeIgniter\Session\Handlers\FileHandler' driver.
INFO - 2025-12-24 04:23:30 --> Session: Class initialized using 'CodeIgniter\Session\Handlers\FileHandler' driver.
INFO - 2025-12-24 04:23:30 --> Session: Class initialized using 'CodeIgniter\Session\Handlers\FileHandler' driver.
INFO - 2025-12-24 04:23:30 --> Session: Class initialized using 'CodeIgniter\Session\Handlers\FileHandler' driver.
INFO - 2025-12-24 04:23:31 --> Session: Class initialized using 'CodeIgniter\Session\Handlers\FileHandler' driver.
INFO - 2025-12-24 04:23:31 --> Session: Class initialized using 'CodeIgniter\Session\Handlers\FileHandler' driver.
INFO - 2025-12-24 04:23:32 --> Session: Class initialized using 'CodeIgniter\Session\Handlers\FileHandler' driver.
INFO - 2025-12-24 04:23:32 --> Session: Class initialized using 'CodeIgniter\Session\Handlers\FileHandler' driver.
INFO - 2025-12-24 04:23:32 --> Session: Class initialized using 'CodeIgniter\Session\Handlers\FileHandler' driver.
INFO - 2025-12-24 04:23:33 --> Session: Class initialized using 'CodeIgniter\Session\Handlers\FileHandler' driver.
INFO - 2025-12-24 04:23:33 --> Session: Class initialized using 'CodeIgniter\Session\Handlers\FileHandler' driver.
INFO - 2025-12-24 04:23:33 --> Session: Class initialized using 'CodeIgniter\Session\Handlers\FileHandler' driver.
INFO - 2025-12-24 04:23:34 --> Session: Class initialized using 'CodeIgniter\Session\Handlers\FileHandler' driver.
INFO - 2025-12-24 04:23:34 --> Session: Class initialized using 'CodeIgniter\Session\Handlers\FileHandler' driver.
INFO - 2025-12-24 04:23:34 --> Session: Class initialized using 'CodeIgniter\Session\Handlers\FileHandler' driver.
INFO - 2025-12-24 04:23:35 --> Session: Class initialized using 'CodeIgniter\Session\Handlers\FileHandler' driver.
INFO - 2025-12-24 04:23:35 --> Session: Class initialized using 'CodeIgniter\Session\Handlers\FileHandler' driver.
INFO - 2025-12-24 04:23:35 --> Session: Class initialized using 'CodeIgniter\Session\Handlers\FileHandler' driver.
INFO - 2025-12-24 04:23:36 --> Session: Class initialized using 'CodeIgniter\Session\Handlers\FileHandler' driver.
INFO - 2025-12-24 04:23:36 --> Session: Class initialized using 'CodeIgniter\Session\Handlers\FileHandler' driver.
INFO - 2025-12-24 04:23:36 --> Session: Class initialized using 'CodeIgniter\Session\Handlers\FileHandler' driver.
INFO - 2025-12-24 04:23:39 --> Session: Class initialized using 'CodeIgniter\Session\Handlers\FileHandler' driver.
INFO - 2025-12-24 04:23:40 --> Session: Class initialized using 'CodeIgniter\Session\Handlers\FileHandler' driver.
INFO - 2025-12-24 04:23:40 --> Session: Class initialized using 'CodeIgniter\Session\Handlers\FileHandler' driver.
INFO - 2025-12-24 04:23:40 --> Session: Class initialized using 'CodeIgniter\Session\Handlers\FileHandler' driver.
INFO - 2025-12-24 04:23:40 --> Session: Class initialized using 'CodeIgniter\Session\Handlers\FileHandler' driver.
INFO - 2025-12-24 04:23:41 --> Session: Class initialized using 'CodeIgniter\Session\Handlers\FileHandler' driver.
INFO - 2025-12-24 04:23:41 --> Session: Class initialized using 'CodeIgniter\Session\Handlers\FileHandler' driver.
INFO - 2025-12-24 04:23:41 --> Session: Class initialized using 'CodeIgniter\Session\Handlers\FileHandler' driver.
INFO - 2025-12-24 04:23:42 --> Session: Class initialized using 'CodeIgniter\Session\Handlers\FileHandler' driver.
INFO - 2025-12-24 04:23:42 --> Session: Class initialized using 'CodeIgniter\Session\Handlers\FileHandler' driver.
INFO - 2025-12-24 04:23:42 --> Session: Class initialized using 'CodeIgniter\Session\Handlers\FileHandler' driver.
INFO - 2025-12-24 04:23:43 --> Session: Class initialized using 'CodeIgniter\Session\Handlers\FileHandler' driver.
INFO - 2025-12-24 04:23:43 --> Session: Class initialized using 'CodeIgniter\Session\Handlers\FileHandler' driver.
INFO - 2025-12-24 04:23:43 --> Session: Class initialized using 'CodeIgniter\Session\Handlers\FileHandler' driver.
INFO - 2025-12-24 04:23:43 --> Session: Class initialized using 'CodeIgniter\Session\Handlers\FileHandler' driver.
INFO - 2025-12-24 04:23:44 --> Session: Class initialized using 'CodeIgniter\Session\Handlers\FileHandler' driver.
INFO - 2025-12-24 04:23:44 --> Session: Class initialized using 'CodeIgniter\Session\Handlers\FileHandler' driver.
INFO - 2025-12-24 04:23:54 --> Session: Class initialized using 'CodeIgniter\Session\Handlers\FileHandler' driver.
INFO - 2025-12-24 04:23:55 --> Session: Class initialized using 'CodeIgniter\Session\Handlers\FileHandler' driver.
INFO - 2025-12-24 04:23:55 --> Session: Class initialized using 'CodeIgniter\Session\Handlers\FileHandler' driver.
INFO - 2025-12-24 04:23:55 --> Session: Class initialized using 'CodeIgniter\Session\Handlers\FileHandler' driver.
INFO - 2025-12-24 04:23:55 --> Session: Class initialized using 'CodeIgniter\Session\Handlers\FileHandler' driver.
INFO - 2025-12-24 04:23:56 --> Session: Class initialized using 'CodeIgniter\Session\Handlers\FileHandler' driver.
INFO - 2025-12-24 04:23:56 --> Session: Class initialized using 'CodeIgniter\Session\Handlers\FileHandler' driver.
INFO - 2025-12-24 04:23:57 --> Session: Class initialized using 'CodeIgniter\Session\Handlers\FileHandler' driver.
INFO - 2025-12-24 04:23:57 --> Session: Class initialized using 'CodeIgniter\Session\Handlers\FileHandler' driver.
INFO - 2025-12-24 04:23:57 --> Session: Class initialized using 'CodeIgniter\Session\Handlers\FileHandler' driver.
INFO - 2025-12-24 04:23:58 --> Session: Class initialized using 'CodeIgniter\Session\Handlers\FileHandler' driver.
INFO - 2025-12-24 04:23:58 --> Session: Class initialized using 'CodeIgniter\Session\Handlers\FileHandler' driver.
INFO - 2025-12-24 04:23:58 --> Session: Class initialized using 'CodeIgniter\Session\Handlers\FileHandler' driver.
INFO - 2025-12-24 04:23:59 --> Session: Class initialized using 'CodeIgniter\Session\Handlers\FileHandler' driver.
INFO - 2025-12-24 04:23:59 --> Session: Class initialized using 'CodeIgniter\Session\Handlers\FileHandler' driver.
INFO - 2025-12-24 04:24:00 --> Session: Class initialized using 'CodeIgniter\Session\Handlers\FileHandler' driver.
INFO - 2025-12-24 04:24:00 --> Session: Class initialized using 'CodeIgniter\Session\Handlers\FileHandler' driver.
INFO - 2025-12-24 04:24:00 --> Session: Class initialized using 'CodeIgniter\Session\Handlers\FileHandler' driver.
INFO - 2025-12-24 04:24:01 --> Session: Class initialized using 'CodeIgniter\Session\Handlers\FileHandler' driver.
INFO - 2025-12-24 04:24:01 --> Session: Class initialized using 'CodeIgniter\Session\Handlers\FileHandler' driver.
INFO - 2025-12-24 04:24:03 --> Session: Class initialized using 'CodeIgniter\Session\Handlers\FileHandler' driver.
INFO - 2025-12-24 04:24:04 --> Session: Class initialized using 'CodeIgniter\Session\Handlers\FileHandler' driver.
INFO - 2025-12-24 04:24:04 --> Session: Class initialized using 'CodeIgniter\Session\Handlers\FileHandler' driver.
INFO - 2025-12-24 04:24:04 --> Session: Class initialized using 'CodeIgniter\Session\Handlers\FileHandler' driver.
INFO - 2025-12-24 04:24:05 --> Session: Class initialized using 'CodeIgniter\Session\Handlers\FileHandler' driver.
INFO - 2025-12-24 04:24:05 --> Session: Class initialized using 'CodeIgniter\Session\Handlers\FileHandler' driver.
INFO - 2025-12-24 04:24:05 --> Session: Class initialized using 'CodeIgniter\Session\Handlers\FileHandler' driver.
INFO - 2025-12-24 04:24:06 --> Session: Class initialized using 'CodeIgniter\Session\Handlers\FileHandler' driver.
INFO - 2025-12-24 04:24:06 --> Session: Class initialized using 'CodeIgniter\Session\Handlers\FileHandler' driver.
INFO - 2025-12-24 04:24:06 --> Session: Class initialized using 'CodeIgniter\Session\Handlers\FileHandler' driver.
INFO - 2025-12-24 04:24:07 --> Session: Class initialized using 'CodeIgniter\Session\Handlers\FileHandler' driver.
INFO - 2025-12-24 04:24:07 --> Session: Class initialized using 'CodeIgniter\Session\Handlers\FileHandler' driver.
INFO - 2025-12-24 04:24:07 --> Session: Class initialized using 'CodeIgniter\Session\Handlers\FileHandler' driver.
INFO - 2025-12-24 04:24:08 --> Session: Class initialized using 'CodeIgniter\Session\Handlers\FileHandler' driver.
INFO - 2025-12-24 04:24:08 --> Session: Class initialized using 'CodeIgniter\Session\Handlers\FileHandler' driver.
INFO - 2025-12-24 04:24:08 --> Session: Class initialized using 'CodeIgniter\Session\Handlers\FileHandler' driver.
INFO - 2025-12-24 04:24:09 --> Session: Class initialized using 'CodeIgniter\Session\Handlers\FileHandler' driver.
INFO - 2025-12-24 04:24:09 --> Session: Class initialized using 'CodeIgniter\Session\Handlers\FileHandler' driver.
INFO - 2025-12-24 04:24:09 --> Session: Class initialized using 'CodeIgniter\Session\Handlers\FileHandler' driver.
INFO - 2025-12-24 04:24:10 --> Session: Class initialized using 'CodeIgniter\Session\Handlers\FileHandler' driver.
INFO - 2025-12-24 04:24:14 --> Session: Class initialized using 'CodeIgniter\Session\Handlers\FileHandler' driver.
INFO - 2025-12-24 04:24:15 --> Session: Class initialized using 'CodeIgniter\Session\Handlers\FileHandler' driver.
INFO - 2025-12-24 04:24:15 --> Session: Class initialized using 'CodeIgniter\Session\Handlers\FileHandler' driver.
INFO - 2025-12-24 04:24:15 --> Session: Class initialized using 'CodeIgniter\Session\Handlers\FileHandler' driver.
INFO - 2025-12-24 04:24:16 --> Session: Class initialized using 'CodeIgniter\Session\Handlers\FileHandler' driver.
INFO - 2025-12-24 04:24:16 --> Session: Class initialized using 'CodeIgniter\Session\Handlers\FileHandler' driver.
INFO - 2025-12-24 04:24:16 --> Session: Class initialized using 'CodeIgniter\Session\Handlers\FileHandler' driver.
INFO - 2025-12-24 04:24:17 --> Session: Class initialized using 'CodeIgniter\Session\Handlers\FileHandler' driver.
INFO - 2025-12-24 04:24:17 --> Session: Class initialized using 'CodeIgniter\Session\Handlers\FileHandler' driver.
INFO - 2025-12-24 04:24:17 --> Session: Class initialized using 'CodeIgniter\Session\Handlers\FileHandler' driver.
INFO - 2025-12-24 04:24:18 --> Session: Class initialized using 'CodeIgniter\Session\Handlers\FileHandler' driver.
INFO - 2025-12-24 04:24:18 --> Session: Class initialized using 'CodeIgniter\Session\Handlers\FileHandler' driver.
INFO - 2025-12-24 04:24:18 --> Session: Class initialized using 'CodeIgniter\Session\Handlers\FileHandler' driver.
INFO - 2025-12-24 04:24:19 --> Session: Class initialized using 'CodeIgniter\Session\Handlers\FileHandler' driver.
INFO - 2025-12-24 04:24:19 --> Session: Class initialized using 'CodeIgniter\Session\Handlers\FileHandler' driver.
INFO - 2025-12-24 04:24:19 --> Session: Class initialized using 'CodeIgniter\Session\Handlers\FileHandler' driver.
INFO - 2025-12-24 04:24:20 --> Session: Class initialized using 'CodeIgniter\Session\Handlers\FileHandler' driver.
INFO - 2025-12-24 04:24:20 --> Session: Class initialized using 'CodeIgniter\Session\Handlers\FileHandler' driver.
INFO - 2025-12-24 04:24:20 --> Session: Class initialized using 'CodeIgniter\Session\Handlers\FileHandler' driver.
INFO - 2025-12-24 04:24:21 --> Session: Class initialized using 'CodeIgniter\Session\Handlers\FileHandler' driver.
INFO - 2025-12-24 04:28:49 --> Session: Class initialized using 'CodeIgniter\Session\Handlers\FileHandler' driver.
INFO - 2025-12-24 04:29:08 --> Session: Class initialized using 'CodeIgniter\Session\Handlers\FileHandler' driver.
ERROR - 2025-12-24 04:29:09 --> mysqli_sql_exception: Unknown column 'users.role_id' in 'on clause' in C:\laragon\www\DataStat\system\Database\MySQLi\Connection.php:312
Stack trace:
#0 C:\laragon\www\DataStat\system\Database\MySQLi\Connection.php(312): mysqli->query('SELECT `users`....', 0)
#1 C:\laragon\www\DataStat\system\Database\BaseConnection.php(734): CodeIgniter\Database\MySQLi\Connection->execute('SELECT `users`....')
#2 C:\laragon\www\DataStat\system\Database\BaseConnection.php(648): CodeIgniter\Database\BaseConnection->simpleQuery('SELECT `users`....')
#3 C:\laragon\www\DataStat\system\Database\BaseBuilder.php(1644): CodeIgniter\Database\BaseConnection->query('SELECT `users`....', Array, false)
#4 C:\laragon\www\DataStat\system\Model.php(330): CodeIgniter\Database\BaseBuilder->get()
#5 C:\laragon\www\DataStat\system\BaseModel.php(714): CodeIgniter\Model->doFirst()
#6 C:\laragon\www\DataStat\app\Controllers\Auth\LoginController.php(108): CodeIgniter\BaseModel->first()
#7 C:\laragon\www\DataStat\system\CodeIgniter.php(933): App\Controllers\Auth\LoginController->authenticate()
#8 C:\laragon\www\DataStat\system\CodeIgniter.php(509): CodeIgniter\CodeIgniter->runController(Object(App\Controllers\Auth\LoginController))
#9 C:\laragon\www\DataStat\system\CodeIgniter.php(355): CodeIgniter\CodeIgniter->handleRequest(NULL, Object(Config\Cache), false)
#10 C:\laragon\www\DataStat\system\Boot.php(325): CodeIgniter\CodeIgniter->run()
#11 C:\laragon\www\DataStat\system\Boot.php(67): CodeIgniter\Boot::runCodeIgniter(Object(CodeIgniter\CodeIgniter))
#12 C:\laragon\www\DataStat\public\index.php(56): CodeIgniter\Boot::bootWeb(Object(Config\Paths))
#13 C:\laragon\www\DataStat\system\rewrite.php(44): require_once('C:\\laragon\\www\\...')
#14 {main}
CRITICAL - 2025-12-24 04:29:09 --> CodeIgniter\Database\Exceptions\DatabaseException: Unknown column 'users.role_id' in 'on clause'
[Method: POST, Route: login]
in SYSTEMPATH\Database\BaseConnection.php on line 688.
 1 SYSTEMPATH\Database\BaseBuilder.php(1644): CodeIgniter\Database\BaseConnection->query('SELECT `users`.*, `roles`.`id` as `role_id`, `roles`.`role_name`, `roles`.`description` as `role_label`
FROM `users`
JOIN `roles` ON `roles`.`id` = `users`.`role_id`
WHERE `users`.`id` = :users.id:
AND `users`.`deleted_at` IS NULL
 LIMIT 1', [...], false)
 2 SYSTEMPATH\Model.php(330): CodeIgniter\Database\BaseBuilder->get()
 3 SYSTEMPATH\BaseModel.php(714): CodeIgniter\Model->doFirst()
 4 APPPATH\Controllers\Auth\LoginController.php(108): CodeIgniter\BaseModel->first()
 5 SYSTEMPATH\CodeIgniter.php(933): App\Controllers\Auth\LoginController->authenticate()
 6 SYSTEMPATH\CodeIgniter.php(509): CodeIgniter\CodeIgniter->runController(Object(App\Controllers\Auth\LoginController))
 7 SYSTEMPATH\CodeIgniter.php(355): CodeIgniter\CodeIgniter->handleRequest(null, Object(Config\Cache), false)
 8 SYSTEMPATH\Boot.php(325): CodeIgniter\CodeIgniter->run()
 9 SYSTEMPATH\Boot.php(67): CodeIgniter\Boot::runCodeIgniter(Object(CodeIgniter\CodeIgniter))
10 FCPATH\index.php(56): CodeIgniter\Boot::bootWeb(Object(Config\Paths))
11 SYSTEMPATH\rewrite.php(44): require_once('C:\\laragon\\www\\DataStat\\public\\index.php')
CRITICAL - 2025-12-24 04:29:09 --> [Caused by] CodeIgniter\Database\Exceptions\DatabaseException: Unknown column 'users.role_id' in 'on clause'
in SYSTEMPATH\Database\MySQLi\Connection.php on line 317.
 1 SYSTEMPATH\Database\BaseConnection.php(734): CodeIgniter\Database\MySQLi\Connection->execute('SELECT `users`.*, `roles`.`id` as `role_id`, `roles`.`role_name`, `roles`.`description` as `role_label`
FROM `users`
JOIN `roles` ON `roles`.`id` = `users`.`role_id`
WHERE `users`.`id` = \'2\'
AND `users`.`deleted_at` IS NULL
 LIMIT 1')
 2 SYSTEMPATH\Database\BaseConnection.php(648): CodeIgniter\Database\BaseConnection->simpleQuery('SELECT `users`.*, `roles`.`id` as `role_id`, `roles`.`role_name`, `roles`.`description` as `role_label`
FROM `users`
JOIN `roles` ON `roles`.`id` = `users`.`role_id`
WHERE `users`.`id` = \'2\'
AND `users`.`deleted_at` IS NULL
 LIMIT 1')
 3 SYSTEMPATH\Database\BaseBuilder.php(1644): CodeIgniter\Database\BaseConnection->query('SELECT `users`.*, `roles`.`id` as `role_id`, `roles`.`role_name`, `roles`.`description` as `role_label`
FROM `users`
JOIN `roles` ON `roles`.`id` = `users`.`role_id`
WHERE `users`.`id` = :users.id:
AND `users`.`deleted_at` IS NULL
 LIMIT 1', [...], false)
 4 SYSTEMPATH\Model.php(330): CodeIgniter\Database\BaseBuilder->get()
 5 SYSTEMPATH\BaseModel.php(714): CodeIgniter\Model->doFirst()
 6 APPPATH\Controllers\Auth\LoginController.php(108): CodeIgniter\BaseModel->first()
 7 SYSTEMPATH\CodeIgniter.php(933): App\Controllers\Auth\LoginController->authenticate()
 8 SYSTEMPATH\CodeIgniter.php(509): CodeIgniter\CodeIgniter->runController(Object(App\Controllers\Auth\LoginController))
 9 SYSTEMPATH\CodeIgniter.php(355): CodeIgniter\CodeIgniter->handleRequest(null, Object(Config\Cache), false)
10 SYSTEMPATH\Boot.php(325): CodeIgniter\CodeIgniter->run()
11 SYSTEMPATH\Boot.php(67): CodeIgniter\Boot::runCodeIgniter(Object(CodeIgniter\CodeIgniter))
12 FCPATH\index.php(56): CodeIgniter\Boot::bootWeb(Object(Config\Paths))
13 SYSTEMPATH\rewrite.php(44): require_once('C:\\laragon\\www\\DataStat\\public\\index.php')
CRITICAL - 2025-12-24 04:29:09 --> [Caused by] mysqli_sql_exception: Unknown column 'users.role_id' in 'on clause'
in SYSTEMPATH\Database\MySQLi\Connection.php on line 312.
 1 SYSTEMPATH\Database\MySQLi\Connection.php(312): mysqli->query('SELECT `users`.*, `roles`.`id` as `role_id`, `roles`.`role_name`, `roles`.`description` as `role_label`
FROM `users`
JOIN `roles` ON `roles`.`id` = `users`.`role_id`
WHERE `users`.`id` = \'2\'
AND `users`.`deleted_at` IS NULL
 LIMIT 1', 0)
 2 SYSTEMPATH\Database\BaseConnection.php(734): CodeIgniter\Database\MySQLi\Connection->execute('SELECT `users`.*, `roles`.`id` as `role_id`, `roles`.`role_name`, `roles`.`description` as `role_label`
FROM `users`
JOIN `roles` ON `roles`.`id` = `users`.`role_id`
WHERE `users`.`id` = \'2\'
AND `users`.`deleted_at` IS NULL
 LIMIT 1')
 3 SYSTEMPATH\Database\BaseConnection.php(648): CodeIgniter\Database\BaseConnection->simpleQuery('SELECT `users`.*, `roles`.`id` as `role_id`, `roles`.`role_name`, `roles`.`description` as `role_label`
FROM `users`
JOIN `roles` ON `roles`.`id` = `users`.`role_id`
WHERE `users`.`id` = \'2\'
AND `users`.`deleted_at` IS NULL
 LIMIT 1')
 4 SYSTEMPATH\Database\BaseBuilder.php(1644): CodeIgniter\Database\BaseConnection->query('SELECT `users`.*, `roles`.`id` as `role_id`, `roles`.`role_name`, `roles`.`description` as `role_label`
FROM `users`
JOIN `roles` ON `roles`.`id` = `users`.`role_id`
WHERE `users`.`id` = :users.id:
AND `users`.`deleted_at` IS NULL
 LIMIT 1', [...], false)
 5 SYSTEMPATH\Model.php(330): CodeIgniter\Database\BaseBuilder->get()
 6 SYSTEMPATH\BaseModel.php(714): CodeIgniter\Model->doFirst()
 7 APPPATH\Controllers\Auth\LoginController.php(108): CodeIgniter\BaseModel->first()
 8 SYSTEMPATH\CodeIgniter.php(933): App\Controllers\Auth\LoginController->authenticate()
 9 SYSTEMPATH\CodeIgniter.php(509): CodeIgniter\CodeIgniter->runController(Object(App\Controllers\Auth\LoginController))
10 SYSTEMPATH\CodeIgniter.php(355): CodeIgniter\CodeIgniter->handleRequest(null, Object(Config\Cache), false)
11 SYSTEMPATH\Boot.php(325): CodeIgniter\CodeIgniter->run()
12 SYSTEMPATH\Boot.php(67): CodeIgniter\Boot::runCodeIgniter(Object(CodeIgniter\CodeIgniter))
13 FCPATH\index.php(56): CodeIgniter\Boot::bootWeb(Object(Config\Paths))
14 SYSTEMPATH\rewrite.php(44): require_once('C:\\laragon\\www\\DataStat\\public\\index.php')
INFO - 2025-12-24 04:29:27 --> Session: Class initialized using 'CodeIgniter\Session\Handlers\FileHandler' driver.
INFO - 2025-12-24 04:29:28 --> Session: Class initialized using 'CodeIgniter\Session\Handlers\FileHandler' driver.
INFO - 2025-12-24 04:29:28 --> Session: Class initialized using 'CodeIgniter\Session\Handlers\FileHandler' driver.
INFO - 2025-12-24 04:29:28 --> Session: Class initialized using 'CodeIgniter\Session\Handlers\FileHandler' driver.
INFO - 2025-12-24 04:29:29 --> Session: Class initialized using 'CodeIgniter\Session\Handlers\FileHandler' driver.
INFO - 2025-12-24 04:29:29 --> Session: Class initialized using 'CodeIgniter\Session\Handlers\FileHandler' driver.
INFO - 2025-12-24 04:29:29 --> Session: Class initialized using 'CodeIgniter\Session\Handlers\FileHandler' driver.
INFO - 2025-12-24 04:29:30 --> Session: Class initialized using 'CodeIgniter\Session\Handlers\FileHandler' driver.
INFO - 2025-12-24 04:29:30 --> Session: Class initialized using 'CodeIgniter\Session\Handlers\FileHandler' driver.
INFO - 2025-12-24 04:29:30 --> Session: Class initialized using 'CodeIgniter\Session\Handlers\FileHandler' driver.
INFO - 2025-12-24 04:29:31 --> Session: Class initialized using 'CodeIgniter\Session\Handlers\FileHandler' driver.
INFO - 2025-12-24 04:29:31 --> Session: Class initialized using 'CodeIgniter\Session\Handlers\FileHandler' driver.
INFO - 2025-12-24 04:29:32 --> Session: Class initialized using 'CodeIgniter\Session\Handlers\FileHandler' driver.
INFO - 2025-12-24 04:29:34 --> Session: Class initialized using 'CodeIgniter\Session\Handlers\FileHandler' driver.
ERROR - 2025-12-24 04:29:34 --> mysqli_sql_exception: Unknown column 'users.role_id' in 'on clause' in C:\laragon\www\DataStat\system\Database\MySQLi\Connection.php:312
Stack trace:
#0 C:\laragon\www\DataStat\system\Database\MySQLi\Connection.php(312): mysqli->query('SELECT `users`....', 0)
#1 C:\laragon\www\DataStat\system\Database\BaseConnection.php(734): CodeIgniter\Database\MySQLi\Connection->execute('SELECT `users`....')
#2 C:\laragon\www\DataStat\system\Database\BaseConnection.php(648): CodeIgniter\Database\BaseConnection->simpleQuery('SELECT `users`....')
#3 C:\laragon\www\DataStat\system\Database\BaseBuilder.php(1644): CodeIgniter\Database\BaseConnection->query('SELECT `users`....', Array, false)
#4 C:\laragon\www\DataStat\system\Model.php(330): CodeIgniter\Database\BaseBuilder->get()
#5 C:\laragon\www\DataStat\system\BaseModel.php(714): CodeIgniter\Model->doFirst()
#6 C:\laragon\www\DataStat\app\Controllers\Auth\LoginController.php(108): CodeIgniter\BaseModel->first()
#7 C:\laragon\www\DataStat\system\CodeIgniter.php(933): App\Controllers\Auth\LoginController->authenticate()
#8 C:\laragon\www\DataStat\system\CodeIgniter.php(509): CodeIgniter\CodeIgniter->runController(Object(App\Controllers\Auth\LoginController))
#9 C:\laragon\www\DataStat\system\CodeIgniter.php(355): CodeIgniter\CodeIgniter->handleRequest(NULL, Object(Config\Cache), false)
#10 C:\laragon\www\DataStat\system\Boot.php(325): CodeIgniter\CodeIgniter->run()
#11 C:\laragon\www\DataStat\system\Boot.php(67): CodeIgniter\Boot::runCodeIgniter(Object(CodeIgniter\CodeIgniter))
#12 C:\laragon\www\DataStat\public\index.php(56): CodeIgniter\Boot::bootWeb(Object(Config\Paths))
#13 C:\laragon\www\DataStat\system\rewrite.php(44): require_once('C:\\laragon\\www\\...')
#14 {main}
CRITICAL - 2025-12-24 04:29:34 --> CodeIgniter\Database\Exceptions\DatabaseException: Unknown column 'users.role_id' in 'on clause'
[Method: POST, Route: login]
in SYSTEMPATH\Database\BaseConnection.php on line 688.
 1 SYSTEMPATH\Database\BaseBuilder.php(1644): CodeIgniter\Database\BaseConnection->query('SELECT `users`.*, `roles`.`id` as `role_id`, `roles`.`role_name`, `roles`.`description` as `role_label`
FROM `users`
JOIN `roles` ON `roles`.`id` = `users`.`role_id`
WHERE `users`.`id` = :users.id:
AND `users`.`deleted_at` IS NULL
 LIMIT 1', [...], false)
 2 SYSTEMPATH\Model.php(330): CodeIgniter\Database\BaseBuilder->get()
 3 SYSTEMPATH\BaseModel.php(714): CodeIgniter\Model->doFirst()
 4 APPPATH\Controllers\Auth\LoginController.php(108): CodeIgniter\BaseModel->first()
 5 SYSTEMPATH\CodeIgniter.php(933): App\Controllers\Auth\LoginController->authenticate()
 6 SYSTEMPATH\CodeIgniter.php(509): CodeIgniter\CodeIgniter->runController(Object(App\Controllers\Auth\LoginController))
 7 SYSTEMPATH\CodeIgniter.php(355): CodeIgniter\CodeIgniter->handleRequest(null, Object(Config\Cache), false)
 8 SYSTEMPATH\Boot.php(325): CodeIgniter\CodeIgniter->run()
 9 SYSTEMPATH\Boot.php(67): CodeIgniter\Boot::runCodeIgniter(Object(CodeIgniter\CodeIgniter))
10 FCPATH\index.php(56): CodeIgniter\Boot::bootWeb(Object(Config\Paths))
11 SYSTEMPATH\rewrite.php(44): require_once('C:\\laragon\\www\\DataStat\\public\\index.php')
CRITICAL - 2025-12-24 04:29:34 --> [Caused by] CodeIgniter\Database\Exceptions\DatabaseException: Unknown column 'users.role_id' in 'on clause'
in SYSTEMPATH\Database\MySQLi\Connection.php on line 317.
 1 SYSTEMPATH\Database\BaseConnection.php(734): CodeIgniter\Database\MySQLi\Connection->execute('SELECT `users`.*, `roles`.`id` as `role_id`, `roles`.`role_name`, `roles`.`description` as `role_label`
FROM `users`
JOIN `roles` ON `roles`.`id` = `users`.`role_id`
WHERE `users`.`id` = \'2\'
AND `users`.`deleted_at` IS NULL
 LIMIT 1')
 2 SYSTEMPATH\Database\BaseConnection.php(648): CodeIgniter\Database\BaseConnection->simpleQuery('SELECT `users`.*, `roles`.`id` as `role_id`, `roles`.`role_name`, `roles`.`description` as `role_label`
FROM `users`
JOIN `roles` ON `roles`.`id` = `users`.`role_id`
WHERE `users`.`id` = \'2\'
AND `users`.`deleted_at` IS NULL
 LIMIT 1')
 3 SYSTEMPATH\Database\BaseBuilder.php(1644): CodeIgniter\Database\BaseConnection->query('SELECT `users`.*, `roles`.`id` as `role_id`, `roles`.`role_name`, `roles`.`description` as `role_label`
FROM `users`
JOIN `roles` ON `roles`.`id` = `users`.`role_id`
WHERE `users`.`id` = :users.id:
AND `users`.`deleted_at` IS NULL
 LIMIT 1', [...], false)
 4 SYSTEMPATH\Model.php(330): CodeIgniter\Database\BaseBuilder->get()
 5 SYSTEMPATH\BaseModel.php(714): CodeIgniter\Model->doFirst()
 6 APPPATH\Controllers\Auth\LoginController.php(108): CodeIgniter\BaseModel->first()
 7 SYSTEMPATH\CodeIgniter.php(933): App\Controllers\Auth\LoginController->authenticate()
 8 SYSTEMPATH\CodeIgniter.php(509): CodeIgniter\CodeIgniter->runController(Object(App\Controllers\Auth\LoginController))
 9 SYSTEMPATH\CodeIgniter.php(355): CodeIgniter\CodeIgniter->handleRequest(null, Object(Config\Cache), false)
10 SYSTEMPATH\Boot.php(325): CodeIgniter\CodeIgniter->run()
11 SYSTEMPATH\Boot.php(67): CodeIgniter\Boot::runCodeIgniter(Object(CodeIgniter\CodeIgniter))
12 FCPATH\index.php(56): CodeIgniter\Boot::bootWeb(Object(Config\Paths))
13 SYSTEMPATH\rewrite.php(44): require_once('C:\\laragon\\www\\DataStat\\public\\index.php')
CRITICAL - 2025-12-24 04:29:34 --> [Caused by] mysqli_sql_exception: Unknown column 'users.role_id' in 'on clause'
in SYSTEMPATH\Database\MySQLi\Connection.php on line 312.
 1 SYSTEMPATH\Database\MySQLi\Connection.php(312): mysqli->query('SELECT `users`.*, `roles`.`id` as `role_id`, `roles`.`role_name`, `roles`.`description` as `role_label`
FROM `users`
JOIN `roles` ON `roles`.`id` = `users`.`role_id`
WHERE `users`.`id` = \'2\'
AND `users`.`deleted_at` IS NULL
 LIMIT 1', 0)
 2 SYSTEMPATH\Database\BaseConnection.php(734): CodeIgniter\Database\MySQLi\Connection->execute('SELECT `users`.*, `roles`.`id` as `role_id`, `roles`.`role_name`, `roles`.`description` as `role_label`
FROM `users`
JOIN `roles` ON `roles`.`id` = `users`.`role_id`
WHERE `users`.`id` = \'2\'
AND `users`.`deleted_at` IS NULL
 LIMIT 1')
 3 SYSTEMPATH\Database\BaseConnection.php(648): CodeIgniter\Database\BaseConnection->simpleQuery('SELECT `users`.*, `roles`.`id` as `role_id`, `roles`.`role_name`, `roles`.`description` as `role_label`
FROM `users`
JOIN `roles` ON `roles`.`id` = `users`.`role_id`
WHERE `users`.`id` = \'2\'
AND `users`.`deleted_at` IS NULL
 LIMIT 1')
 4 SYSTEMPATH\Database\BaseBuilder.php(1644): CodeIgniter\Database\BaseConnection->query('SELECT `users`.*, `roles`.`id` as `role_id`, `roles`.`role_name`, `roles`.`description` as `role_label`
FROM `users`
JOIN `roles` ON `roles`.`id` = `users`.`role_id`
WHERE `users`.`id` = :users.id:
AND `users`.`deleted_at` IS NULL
 LIMIT 1', [...], false)
 5 SYSTEMPATH\Model.php(330): CodeIgniter\Database\BaseBuilder->get()
 6 SYSTEMPATH\BaseModel.php(714): CodeIgniter\Model->doFirst()
 7 APPPATH\Controllers\Auth\LoginController.php(108): CodeIgniter\BaseModel->first()
 8 SYSTEMPATH\CodeIgniter.php(933): App\Controllers\Auth\LoginController->authenticate()
 9 SYSTEMPATH\CodeIgniter.php(509): CodeIgniter\CodeIgniter->runController(Object(App\Controllers\Auth\LoginController))
10 SYSTEMPATH\CodeIgniter.php(355): CodeIgniter\CodeIgniter->handleRequest(null, Object(Config\Cache), false)
11 SYSTEMPATH\Boot.php(325): CodeIgniter\CodeIgniter->run()
12 SYSTEMPATH\Boot.php(67): CodeIgniter\Boot::runCodeIgniter(Object(CodeIgniter\CodeIgniter))
13 FCPATH\index.php(56): CodeIgniter\Boot::bootWeb(Object(Config\Paths))
14 SYSTEMPATH\rewrite.php(44): require_once('C:\\laragon\\www\\DataStat\\public\\index.php')
INFO - 2025-12-24 04:29:36 --> Session: Class initialized using 'CodeIgniter\Session\Handlers\FileHandler' driver.
ERROR - 2025-12-24 04:29:37 --> mysqli_sql_exception: Unknown column 'users.role_id' in 'on clause' in C:\laragon\www\DataStat\system\Database\MySQLi\Connection.php:312
Stack trace:
#0 C:\laragon\www\DataStat\system\Database\MySQLi\Connection.php(312): mysqli->query('SELECT `users`....', 0)
#1 C:\laragon\www\DataStat\system\Database\BaseConnection.php(734): CodeIgniter\Database\MySQLi\Connection->execute('SELECT `users`....')
#2 C:\laragon\www\DataStat\system\Database\BaseConnection.php(648): CodeIgniter\Database\BaseConnection->simpleQuery('SELECT `users`....')
#3 C:\laragon\www\DataStat\system\Database\BaseBuilder.php(1644): CodeIgniter\Database\BaseConnection->query('SELECT `users`....', Array, false)
#4 C:\laragon\www\DataStat\system\Model.php(330): CodeIgniter\Database\BaseBuilder->get()
#5 C:\laragon\www\DataStat\system\BaseModel.php(714): CodeIgniter\Model->doFirst()
#6 C:\laragon\www\DataStat\app\Controllers\Auth\LoginController.php(108): CodeIgniter\BaseModel->first()
#7 C:\laragon\www\DataStat\system\CodeIgniter.php(933): App\Controllers\Auth\LoginController->authenticate()
#8 C:\laragon\www\DataStat\system\CodeIgniter.php(509): CodeIgniter\CodeIgniter->runController(Object(App\Controllers\Auth\LoginController))
#9 C:\laragon\www\DataStat\system\CodeIgniter.php(355): CodeIgniter\CodeIgniter->handleRequest(NULL, Object(Config\Cache), false)
#10 C:\laragon\www\DataStat\system\Boot.php(325): CodeIgniter\CodeIgniter->run()
#11 C:\laragon\www\DataStat\system\Boot.php(67): CodeIgniter\Boot::runCodeIgniter(Object(CodeIgniter\CodeIgniter))
#12 C:\laragon\www\DataStat\public\index.php(56): CodeIgniter\Boot::bootWeb(Object(Config\Paths))
#13 C:\laragon\www\DataStat\system\rewrite.php(44): require_once('C:\\laragon\\www\\...')
#14 {main}
CRITICAL - 2025-12-24 04:29:37 --> CodeIgniter\Database\Exceptions\DatabaseException: Unknown column 'users.role_id' in 'on clause'
[Method: POST, Route: login]
in SYSTEMPATH\Database\BaseConnection.php on line 688.
 1 SYSTEMPATH\Database\BaseBuilder.php(1644): CodeIgniter\Database\BaseConnection->query('SELECT `users`.*, `roles`.`id` as `role_id`, `roles`.`role_name`, `roles`.`description` as `role_label`
FROM `users`
JOIN `roles` ON `roles`.`id` = `users`.`role_id`
WHERE `users`.`id` = :users.id:
AND `users`.`deleted_at` IS NULL
 LIMIT 1', [...], false)
 2 SYSTEMPATH\Model.php(330): CodeIgniter\Database\BaseBuilder->get()
 3 SYSTEMPATH\BaseModel.php(714): CodeIgniter\Model->doFirst()
 4 APPPATH\Controllers\Auth\LoginController.php(108): CodeIgniter\BaseModel->first()
 5 SYSTEMPATH\CodeIgniter.php(933): App\Controllers\Auth\LoginController->authenticate()
 6 SYSTEMPATH\CodeIgniter.php(509): CodeIgniter\CodeIgniter->runController(Object(App\Controllers\Auth\LoginController))
 7 SYSTEMPATH\CodeIgniter.php(355): CodeIgniter\CodeIgniter->handleRequest(null, Object(Config\Cache), false)
 8 SYSTEMPATH\Boot.php(325): CodeIgniter\CodeIgniter->run()
 9 SYSTEMPATH\Boot.php(67): CodeIgniter\Boot::runCodeIgniter(Object(CodeIgniter\CodeIgniter))
10 FCPATH\index.php(56): CodeIgniter\Boot::bootWeb(Object(Config\Paths))
11 SYSTEMPATH\rewrite.php(44): require_once('C:\\laragon\\www\\DataStat\\public\\index.php')
CRITICAL - 2025-12-24 04:29:37 --> [Caused by] CodeIgniter\Database\Exceptions\DatabaseException: Unknown column 'users.role_id' in 'on clause'
in SYSTEMPATH\Database\MySQLi\Connection.php on line 317.
 1 SYSTEMPATH\Database\BaseConnection.php(734): CodeIgniter\Database\MySQLi\Connection->execute('SELECT `users`.*, `roles`.`id` as `role_id`, `roles`.`role_name`, `roles`.`description` as `role_label`
FROM `users`
JOIN `roles` ON `roles`.`id` = `users`.`role_id`
WHERE `users`.`id` = \'2\'
AND `users`.`deleted_at` IS NULL
 LIMIT 1')
 2 SYSTEMPATH\Database\BaseConnection.php(648): CodeIgniter\Database\BaseConnection->simpleQuery('SELECT `users`.*, `roles`.`id` as `role_id`, `roles`.`role_name`, `roles`.`description` as `role_label`
FROM `users`
JOIN `roles` ON `roles`.`id` = `users`.`role_id`
WHERE `users`.`id` = \'2\'
AND `users`.`deleted_at` IS NULL
 LIMIT 1')
 3 SYSTEMPATH\Database\BaseBuilder.php(1644): CodeIgniter\Database\BaseConnection->query('SELECT `users`.*, `roles`.`id` as `role_id`, `roles`.`role_name`, `roles`.`description` as `role_label`
FROM `users`
JOIN `roles` ON `roles`.`id` = `users`.`role_id`
WHERE `users`.`id` = :users.id:
AND `users`.`deleted_at` IS NULL
 LIMIT 1', [...], false)
 4 SYSTEMPATH\Model.php(330): CodeIgniter\Database\BaseBuilder->get()
 5 SYSTEMPATH\BaseModel.php(714): CodeIgniter\Model->doFirst()
 6 APPPATH\Controllers\Auth\LoginController.php(108): CodeIgniter\BaseModel->first()
 7 SYSTEMPATH\CodeIgniter.php(933): App\Controllers\Auth\LoginController->authenticate()
 8 SYSTEMPATH\CodeIgniter.php(509): CodeIgniter\CodeIgniter->runController(Object(App\Controllers\Auth\LoginController))
 9 SYSTEMPATH\CodeIgniter.php(355): CodeIgniter\CodeIgniter->handleRequest(null, Object(Config\Cache), false)
10 SYSTEMPATH\Boot.php(325): CodeIgniter\CodeIgniter->run()
11 SYSTEMPATH\Boot.php(67): CodeIgniter\Boot::runCodeIgniter(Object(CodeIgniter\CodeIgniter))
12 FCPATH\index.php(56): CodeIgniter\Boot::bootWeb(Object(Config\Paths))
13 SYSTEMPATH\rewrite.php(44): require_once('C:\\laragon\\www\\DataStat\\public\\index.php')
CRITICAL - 2025-12-24 04:29:37 --> [Caused by] mysqli_sql_exception: Unknown column 'users.role_id' in 'on clause'
in SYSTEMPATH\Database\MySQLi\Connection.php on line 312.
 1 SYSTEMPATH\Database\MySQLi\Connection.php(312): mysqli->query('SELECT `users`.*, `roles`.`id` as `role_id`, `roles`.`role_name`, `roles`.`description` as `role_label`
FROM `users`
JOIN `roles` ON `roles`.`id` = `users`.`role_id`
WHERE `users`.`id` = \'2\'
AND `users`.`deleted_at` IS NULL
 LIMIT 1', 0)
 2 SYSTEMPATH\Database\BaseConnection.php(734): CodeIgniter\Database\MySQLi\Connection->execute('SELECT `users`.*, `roles`.`id` as `role_id`, `roles`.`role_name`, `roles`.`description` as `role_label`
FROM `users`
JOIN `roles` ON `roles`.`id` = `users`.`role_id`
WHERE `users`.`id` = \'2\'
AND `users`.`deleted_at` IS NULL
 LIMIT 1')
 3 SYSTEMPATH\Database\BaseConnection.php(648): CodeIgniter\Database\BaseConnection->simpleQuery('SELECT `users`.*, `roles`.`id` as `role_id`, `roles`.`role_name`, `roles`.`description` as `role_label`
FROM `users`
JOIN `roles` ON `roles`.`id` = `users`.`role_id`
WHERE `users`.`id` = \'2\'
AND `users`.`deleted_at` IS NULL
 LIMIT 1')
 4 SYSTEMPATH\Database\BaseBuilder.php(1644): CodeIgniter\Database\BaseConnection->query('SELECT `users`.*, `roles`.`id` as `role_id`, `roles`.`role_name`, `roles`.`description` as `role_label`
FROM `users`
JOIN `roles` ON `roles`.`id` = `users`.`role_id`
WHERE `users`.`id` = :users.id:
AND `users`.`deleted_at` IS NULL
 LIMIT 1', [...], false)
 5 SYSTEMPATH\Model.php(330): CodeIgniter\Database\BaseBuilder->get()
 6 SYSTEMPATH\BaseModel.php(714): CodeIgniter\Model->doFirst()
 7 APPPATH\Controllers\Auth\LoginController.php(108): CodeIgniter\BaseModel->first()
 8 SYSTEMPATH\CodeIgniter.php(933): App\Controllers\Auth\LoginController->authenticate()
 9 SYSTEMPATH\CodeIgniter.php(509): CodeIgniter\CodeIgniter->runController(Object(App\Controllers\Auth\LoginController))
10 SYSTEMPATH\CodeIgniter.php(355): CodeIgniter\CodeIgniter->handleRequest(null, Object(Config\Cache), false)
11 SYSTEMPATH\Boot.php(325): CodeIgniter\CodeIgniter->run()
12 SYSTEMPATH\Boot.php(67): CodeIgniter\Boot::runCodeIgniter(Object(CodeIgniter\CodeIgniter))
13 FCPATH\index.php(56): CodeIgniter\Boot::bootWeb(Object(Config\Paths))
14 SYSTEMPATH\rewrite.php(44): require_once('C:\\laragon\\www\\DataStat\\public\\index.php')
INFO - 2025-12-24 04:29:39 --> Session: Class initialized using 'CodeIgniter\Session\Handlers\FileHandler' driver.
ERROR - 2025-12-24 04:29:39 --> mysqli_sql_exception: Unknown column 'users.role_id' in 'on clause' in C:\laragon\www\DataStat\system\Database\MySQLi\Connection.php:312
Stack trace:
#0 C:\laragon\www\DataStat\system\Database\MySQLi\Connection.php(312): mysqli->query('SELECT `users`....', 0)
#1 C:\laragon\www\DataStat\system\Database\BaseConnection.php(734): CodeIgniter\Database\MySQLi\Connection->execute('SELECT `users`....')
#2 C:\laragon\www\DataStat\system\Database\BaseConnection.php(648): CodeIgniter\Database\BaseConnection->simpleQuery('SELECT `users`....')
#3 C:\laragon\www\DataStat\system\Database\BaseBuilder.php(1644): CodeIgniter\Database\BaseConnection->query('SELECT `users`....', Array, false)
#4 C:\laragon\www\DataStat\system\Model.php(330): CodeIgniter\Database\BaseBuilder->get()
#5 C:\laragon\www\DataStat\system\BaseModel.php(714): CodeIgniter\Model->doFirst()
#6 C:\laragon\www\DataStat\app\Controllers\Auth\LoginController.php(108): CodeIgniter\BaseModel->first()
#7 C:\laragon\www\DataStat\system\CodeIgniter.php(933): App\Controllers\Auth\LoginController->authenticate()
#8 C:\laragon\www\DataStat\system\CodeIgniter.php(509): CodeIgniter\CodeIgniter->runController(Object(App\Controllers\Auth\LoginController))
#9 C:\laragon\www\DataStat\system\CodeIgniter.php(355): CodeIgniter\CodeIgniter->handleRequest(NULL, Object(Config\Cache), false)
#10 C:\laragon\www\DataStat\system\Boot.php(325): CodeIgniter\CodeIgniter->run()
#11 C:\laragon\www\DataStat\system\Boot.php(67): CodeIgniter\Boot::runCodeIgniter(Object(CodeIgniter\CodeIgniter))
#12 C:\laragon\www\DataStat\public\index.php(56): CodeIgniter\Boot::bootWeb(Object(Config\Paths))
#13 C:\laragon\www\DataStat\system\rewrite.php(44): require_once('C:\\laragon\\www\\...')
#14 {main}
CRITICAL - 2025-12-24 04:29:39 --> CodeIgniter\Database\Exceptions\DatabaseException: Unknown column 'users.role_id' in 'on clause'
[Method: POST, Route: login]
in SYSTEMPATH\Database\BaseConnection.php on line 688.
 1 SYSTEMPATH\Database\BaseBuilder.php(1644): CodeIgniter\Database\BaseConnection->query('SELECT `users`.*, `roles`.`id` as `role_id`, `roles`.`role_name`, `roles`.`description` as `role_label`
FROM `users`
JOIN `roles` ON `roles`.`id` = `users`.`role_id`
WHERE `users`.`id` = :users.id:
AND `users`.`deleted_at` IS NULL
 LIMIT 1', [...], false)
 2 SYSTEMPATH\Model.php(330): CodeIgniter\Database\BaseBuilder->get()
 3 SYSTEMPATH\BaseModel.php(714): CodeIgniter\Model->doFirst()
 4 APPPATH\Controllers\Auth\LoginController.php(108): CodeIgniter\BaseModel->first()
 5 SYSTEMPATH\CodeIgniter.php(933): App\Controllers\Auth\LoginController->authenticate()
 6 SYSTEMPATH\CodeIgniter.php(509): CodeIgniter\CodeIgniter->runController(Object(App\Controllers\Auth\LoginController))
 7 SYSTEMPATH\CodeIgniter.php(355): CodeIgniter\CodeIgniter->handleRequest(null, Object(Config\Cache), false)
 8 SYSTEMPATH\Boot.php(325): CodeIgniter\CodeIgniter->run()
 9 SYSTEMPATH\Boot.php(67): CodeIgniter\Boot::runCodeIgniter(Object(CodeIgniter\CodeIgniter))
10 FCPATH\index.php(56): CodeIgniter\Boot::bootWeb(Object(Config\Paths))
11 SYSTEMPATH\rewrite.php(44): require_once('C:\\laragon\\www\\DataStat\\public\\index.php')
CRITICAL - 2025-12-24 04:29:39 --> [Caused by] CodeIgniter\Database\Exceptions\DatabaseException: Unknown column 'users.role_id' in 'on clause'
in SYSTEMPATH\Database\MySQLi\Connection.php on line 317.
 1 SYSTEMPATH\Database\BaseConnection.php(734): CodeIgniter\Database\MySQLi\Connection->execute('SELECT `users`.*, `roles`.`id` as `role_id`, `roles`.`role_name`, `roles`.`description` as `role_label`
FROM `users`
JOIN `roles` ON `roles`.`id` = `users`.`role_id`
WHERE `users`.`id` = \'2\'
AND `users`.`deleted_at` IS NULL
 LIMIT 1')
 2 SYSTEMPATH\Database\BaseConnection.php(648): CodeIgniter\Database\BaseConnection->simpleQuery('SELECT `users`.*, `roles`.`id` as `role_id`, `roles`.`role_name`, `roles`.`description` as `role_label`
FROM `users`
JOIN `roles` ON `roles`.`id` = `users`.`role_id`
WHERE `users`.`id` = \'2\'
AND `users`.`deleted_at` IS NULL
 LIMIT 1')
 3 SYSTEMPATH\Database\BaseBuilder.php(1644): CodeIgniter\Database\BaseConnection->query('SELECT `users`.*, `roles`.`id` as `role_id`, `roles`.`role_name`, `roles`.`description` as `role_label`
FROM `users`
JOIN `roles` ON `roles`.`id` = `users`.`role_id`
WHERE `users`.`id` = :users.id:
AND `users`.`deleted_at` IS NULL
 LIMIT 1', [...], false)
 4 SYSTEMPATH\Model.php(330): CodeIgniter\Database\BaseBuilder->get()
 5 SYSTEMPATH\BaseModel.php(714): CodeIgniter\Model->doFirst()
 6 APPPATH\Controllers\Auth\LoginController.php(108): CodeIgniter\BaseModel->first()
 7 SYSTEMPATH\CodeIgniter.php(933): App\Controllers\Auth\LoginController->authenticate()
 8 SYSTEMPATH\CodeIgniter.php(509): CodeIgniter\CodeIgniter->runController(Object(App\Controllers\Auth\LoginController))
 9 SYSTEMPATH\CodeIgniter.php(355): CodeIgniter\CodeIgniter->handleRequest(null, Object(Config\Cache), false)
10 SYSTEMPATH\Boot.php(325): CodeIgniter\CodeIgniter->run()
11 SYSTEMPATH\Boot.php(67): CodeIgniter\Boot::runCodeIgniter(Object(CodeIgniter\CodeIgniter))
12 FCPATH\index.php(56): CodeIgniter\Boot::bootWeb(Object(Config\Paths))
13 SYSTEMPATH\rewrite.php(44): require_once('C:\\laragon\\www\\DataStat\\public\\index.php')
CRITICAL - 2025-12-24 04:29:39 --> [Caused by] mysqli_sql_exception: Unknown column 'users.role_id' in 'on clause'
in SYSTEMPATH\Database\MySQLi\Connection.php on line 312.
 1 SYSTEMPATH\Database\MySQLi\Connection.php(312): mysqli->query('SELECT `users`.*, `roles`.`id` as `role_id`, `roles`.`role_name`, `roles`.`description` as `role_label`
FROM `users`
JOIN `roles` ON `roles`.`id` = `users`.`role_id`
WHERE `users`.`id` = \'2\'
AND `users`.`deleted_at` IS NULL
 LIMIT 1', 0)
 2 SYSTEMPATH\Database\BaseConnection.php(734): CodeIgniter\Database\MySQLi\Connection->execute('SELECT `users`.*, `roles`.`id` as `role_id`, `roles`.`role_name`, `roles`.`description` as `role_label`
FROM `users`
JOIN `roles` ON `roles`.`id` = `users`.`role_id`
WHERE `users`.`id` = \'2\'
AND `users`.`deleted_at` IS NULL
 LIMIT 1')
 3 SYSTEMPATH\Database\BaseConnection.php(648): CodeIgniter\Database\BaseConnection->simpleQuery('SELECT `users`.*, `roles`.`id` as `role_id`, `roles`.`role_name`, `roles`.`description` as `role_label`
FROM `users`
JOIN `roles` ON `roles`.`id` = `users`.`role_id`
WHERE `users`.`id` = \'2\'
AND `users`.`deleted_at` IS NULL
 LIMIT 1')
 4 SYSTEMPATH\Database\BaseBuilder.php(1644): CodeIgniter\Database\BaseConnection->query('SELECT `users`.*, `roles`.`id` as `role_id`, `roles`.`role_name`, `roles`.`description` as `role_label`
FROM `users`
JOIN `roles` ON `roles`.`id` = `users`.`role_id`
WHERE `users`.`id` = :users.id:
AND `users`.`deleted_at` IS NULL
 LIMIT 1', [...], false)
 5 SYSTEMPATH\Model.php(330): CodeIgniter\Database\BaseBuilder->get()
 6 SYSTEMPATH\BaseModel.php(714): CodeIgniter\Model->doFirst()
 7 APPPATH\Controllers\Auth\LoginController.php(108): CodeIgniter\BaseModel->first()
 8 SYSTEMPATH\CodeIgniter.php(933): App\Controllers\Auth\LoginController->authenticate()
 9 SYSTEMPATH\CodeIgniter.php(509): CodeIgniter\CodeIgniter->runController(Object(App\Controllers\Auth\LoginController))
10 SYSTEMPATH\CodeIgniter.php(355): CodeIgniter\CodeIgniter->handleRequest(null, Object(Config\Cache), false)
11 SYSTEMPATH\Boot.php(325): CodeIgniter\CodeIgniter->run()
12 SYSTEMPATH\Boot.php(67): CodeIgniter\Boot::runCodeIgniter(Object(CodeIgniter\CodeIgniter))
13 FCPATH\index.php(56): CodeIgniter\Boot::bootWeb(Object(Config\Paths))
14 SYSTEMPATH\rewrite.php(44): require_once('C:\\laragon\\www\\DataStat\\public\\index.php')
INFO - 2025-12-24 04:29:48 --> Session: Class initialized using 'CodeIgniter\Session\Handlers\FileHandler' driver.
ERROR - 2025-12-24 04:29:48 --> mysqli_sql_exception: Unknown column 'users.role_id' in 'on clause' in C:\laragon\www\DataStat\system\Database\MySQLi\Connection.php:312
Stack trace:
#0 C:\laragon\www\DataStat\system\Database\MySQLi\Connection.php(312): mysqli->query('SELECT `users`....', 0)
#1 C:\laragon\www\DataStat\system\Database\BaseConnection.php(734): CodeIgniter\Database\MySQLi\Connection->execute('SELECT `users`....')
#2 C:\laragon\www\DataStat\system\Database\BaseConnection.php(648): CodeIgniter\Database\BaseConnection->simpleQuery('SELECT `users`....')
#3 C:\laragon\www\DataStat\system\Database\BaseBuilder.php(1644): CodeIgniter\Database\BaseConnection->query('SELECT `users`....', Array, false)
#4 C:\laragon\www\DataStat\system\Model.php(330): CodeIgniter\Database\BaseBuilder->get()
#5 C:\laragon\www\DataStat\system\BaseModel.php(714): CodeIgniter\Model->doFirst()
#6 C:\laragon\www\DataStat\app\Controllers\Auth\LoginController.php(107): CodeIgniter\BaseModel->first()
#7 C:\laragon\www\DataStat\system\CodeIgniter.php(933): App\Controllers\Auth\LoginController->authenticate()
#8 C:\laragon\www\DataStat\system\CodeIgniter.php(509): CodeIgniter\CodeIgniter->runController(Object(App\Controllers\Auth\LoginController))
#9 C:\laragon\www\DataStat\system\CodeIgniter.php(355): CodeIgniter\CodeIgniter->handleRequest(NULL, Object(Config\Cache), false)
#10 C:\laragon\www\DataStat\system\Boot.php(325): CodeIgniter\CodeIgniter->run()
#11 C:\laragon\www\DataStat\system\Boot.php(67): CodeIgniter\Boot::runCodeIgniter(Object(CodeIgniter\CodeIgniter))
#12 C:\laragon\www\DataStat\public\index.php(56): CodeIgniter\Boot::bootWeb(Object(Config\Paths))
#13 C:\laragon\www\DataStat\system\rewrite.php(44): require_once('C:\\laragon\\www\\...')
#14 {main}
CRITICAL - 2025-12-24 04:29:48 --> CodeIgniter\Database\Exceptions\DatabaseException: Unknown column 'users.role_id' in 'on clause'
[Method: POST, Route: login]
in SYSTEMPATH\Database\BaseConnection.php on line 688.
 1 SYSTEMPATH\Database\BaseBuilder.php(1644): CodeIgniter\Database\BaseConnection->query('SELECT `users`.*, `roles`.`id` as `role_id`, `roles`.`role_name`, `roles`.`description` as `role_label`
FROM `users`
JOIN `roles` ON `roles`.`id` = `users`.`role_id`
WHERE `users`.`id` = :users.id:
AND `users`.`deleted_at` IS NULL
 LIMIT 1', [...], false)
 2 SYSTEMPATH\Model.php(330): CodeIgniter\Database\BaseBuilder->get()
 3 SYSTEMPATH\BaseModel.php(714): CodeIgniter\Model->doFirst()
 4 APPPATH\Controllers\Auth\LoginController.php(107): CodeIgniter\BaseModel->first()
 5 SYSTEMPATH\CodeIgniter.php(933): App\Controllers\Auth\LoginController->authenticate()
 6 SYSTEMPATH\CodeIgniter.php(509): CodeIgniter\CodeIgniter->runController(Object(App\Controllers\Auth\LoginController))
 7 SYSTEMPATH\CodeIgniter.php(355): CodeIgniter\CodeIgniter->handleRequest(null, Object(Config\Cache), false)
 8 SYSTEMPATH\Boot.php(325): CodeIgniter\CodeIgniter->run()
 9 SYSTEMPATH\Boot.php(67): CodeIgniter\Boot::runCodeIgniter(Object(CodeIgniter\CodeIgniter))
10 FCPATH\index.php(56): CodeIgniter\Boot::bootWeb(Object(Config\Paths))
11 SYSTEMPATH\rewrite.php(44): require_once('C:\\laragon\\www\\DataStat\\public\\index.php')
CRITICAL - 2025-12-24 04:29:48 --> [Caused by] CodeIgniter\Database\Exceptions\DatabaseException: Unknown column 'users.role_id' in 'on clause'
in SYSTEMPATH\Database\MySQLi\Connection.php on line 317.
 1 SYSTEMPATH\Database\BaseConnection.php(734): CodeIgniter\Database\MySQLi\Connection->execute('SELECT `users`.*, `roles`.`id` as `role_id`, `roles`.`role_name`, `roles`.`description` as `role_label`
FROM `users`
JOIN `roles` ON `roles`.`id` = `users`.`role_id`
WHERE `users`.`id` = \'2\'
AND `users`.`deleted_at` IS NULL
 LIMIT 1')
 2 SYSTEMPATH\Database\BaseConnection.php(648): CodeIgniter\Database\BaseConnection->simpleQuery('SELECT `users`.*, `roles`.`id` as `role_id`, `roles`.`role_name`, `roles`.`description` as `role_label`
FROM `users`
JOIN `roles` ON `roles`.`id` = `users`.`role_id`
WHERE `users`.`id` = \'2\'
AND `users`.`deleted_at` IS NULL
 LIMIT 1')
 3 SYSTEMPATH\Database\BaseBuilder.php(1644): CodeIgniter\Database\BaseConnection->query('SELECT `users`.*, `roles`.`id` as `role_id`, `roles`.`role_name`, `roles`.`description` as `role_label`
FROM `users`
JOIN `roles` ON `roles`.`id` = `users`.`role_id`
WHERE `users`.`id` = :users.id:
AND `users`.`deleted_at` IS NULL
 LIMIT 1', [...], false)
 4 SYSTEMPATH\Model.php(330): CodeIgniter\Database\BaseBuilder->get()
 5 SYSTEMPATH\BaseModel.php(714): CodeIgniter\Model->doFirst()
 6 APPPATH\Controllers\Auth\LoginController.php(107): CodeIgniter\BaseModel->first()
 7 SYSTEMPATH\CodeIgniter.php(933): App\Controllers\Auth\LoginController->authenticate()
 8 SYSTEMPATH\CodeIgniter.php(509): CodeIgniter\CodeIgniter->runController(Object(App\Controllers\Auth\LoginController))
 9 SYSTEMPATH\CodeIgniter.php(355): CodeIgniter\CodeIgniter->handleRequest(null, Object(Config\Cache), false)
10 SYSTEMPATH\Boot.php(325): CodeIgniter\CodeIgniter->run()
11 SYSTEMPATH\Boot.php(67): CodeIgniter\Boot::runCodeIgniter(Object(CodeIgniter\CodeIgniter))
12 FCPATH\index.php(56): CodeIgniter\Boot::bootWeb(Object(Config\Paths))
13 SYSTEMPATH\rewrite.php(44): require_once('C:\\laragon\\www\\DataStat\\public\\index.php')
CRITICAL - 2025-12-24 04:29:48 --> [Caused by] mysqli_sql_exception: Unknown column 'users.role_id' in 'on clause'
in SYSTEMPATH\Database\MySQLi\Connection.php on line 312.
 1 SYSTEMPATH\Database\MySQLi\Connection.php(312): mysqli->query('SELECT `users`.*, `roles`.`id` as `role_id`, `roles`.`role_name`, `roles`.`description` as `role_label`
FROM `users`
JOIN `roles` ON `roles`.`id` = `users`.`role_id`
WHERE `users`.`id` = \'2\'
AND `users`.`deleted_at` IS NULL
 LIMIT 1', 0)
 2 SYSTEMPATH\Database\BaseConnection.php(734): CodeIgniter\Database\MySQLi\Connection->execute('SELECT `users`.*, `roles`.`id` as `role_id`, `roles`.`role_name`, `roles`.`description` as `role_label`
FROM `users`
JOIN `roles` ON `roles`.`id` = `users`.`role_id`
WHERE `users`.`id` = \'2\'
AND `users`.`deleted_at` IS NULL
 LIMIT 1')
 3 SYSTEMPATH\Database\BaseConnection.php(648): CodeIgniter\Database\BaseConnection->simpleQuery('SELECT `users`.*, `roles`.`id` as `role_id`, `roles`.`role_name`, `roles`.`description` as `role_label`
FROM `users`
JOIN `roles` ON `roles`.`id` = `users`.`role_id`
WHERE `users`.`id` = \'2\'
AND `users`.`deleted_at` IS NULL
 LIMIT 1')
 4 SYSTEMPATH\Database\BaseBuilder.php(1644): CodeIgniter\Database\BaseConnection->query('SELECT `users`.*, `roles`.`id` as `role_id`, `roles`.`role_name`, `roles`.`description` as `role_label`
FROM `users`
JOIN `roles` ON `roles`.`id` = `users`.`role_id`
WHERE `users`.`id` = :users.id:
AND `users`.`deleted_at` IS NULL
 LIMIT 1', [...], false)
 5 SYSTEMPATH\Model.php(330): CodeIgniter\Database\BaseBuilder->get()
 6 SYSTEMPATH\BaseModel.php(714): CodeIgniter\Model->doFirst()
 7 APPPATH\Controllers\Auth\LoginController.php(107): CodeIgniter\BaseModel->first()
 8 SYSTEMPATH\CodeIgniter.php(933): App\Controllers\Auth\LoginController->authenticate()
 9 SYSTEMPATH\CodeIgniter.php(509): CodeIgniter\CodeIgniter->runController(Object(App\Controllers\Auth\LoginController))
10 SYSTEMPATH\CodeIgniter.php(355): CodeIgniter\CodeIgniter->handleRequest(null, Object(Config\Cache), false)
11 SYSTEMPATH\Boot.php(325): CodeIgniter\CodeIgniter->run()
12 SYSTEMPATH\Boot.php(67): CodeIgniter\Boot::runCodeIgniter(Object(CodeIgniter\CodeIgniter))
13 FCPATH\index.php(56): CodeIgniter\Boot::bootWeb(Object(Config\Paths))
14 SYSTEMPATH\rewrite.php(44): require_once('C:\\laragon\\www\\DataStat\\public\\index.php')
INFO - 2025-12-24 04:29:49 --> Session: Class initialized using 'CodeIgniter\Session\Handlers\FileHandler' driver.
ERROR - 2025-12-24 04:29:49 --> mysqli_sql_exception: Unknown column 'users.role_id' in 'on clause' in C:\laragon\www\DataStat\system\Database\MySQLi\Connection.php:312
Stack trace:
#0 C:\laragon\www\DataStat\system\Database\MySQLi\Connection.php(312): mysqli->query('SELECT `users`....', 0)
#1 C:\laragon\www\DataStat\system\Database\BaseConnection.php(734): CodeIgniter\Database\MySQLi\Connection->execute('SELECT `users`....')
#2 C:\laragon\www\DataStat\system\Database\BaseConnection.php(648): CodeIgniter\Database\BaseConnection->simpleQuery('SELECT `users`....')
#3 C:\laragon\www\DataStat\system\Database\BaseBuilder.php(1644): CodeIgniter\Database\BaseConnection->query('SELECT `users`....', Array, false)
#4 C:\laragon\www\DataStat\system\Model.php(330): CodeIgniter\Database\BaseBuilder->get()
#5 C:\laragon\www\DataStat\system\BaseModel.php(714): CodeIgniter\Model->doFirst()
#6 C:\laragon\www\DataStat\app\Controllers\Auth\LoginController.php(107): CodeIgniter\BaseModel->first()
#7 C:\laragon\www\DataStat\system\CodeIgniter.php(933): App\Controllers\Auth\LoginController->authenticate()
#8 C:\laragon\www\DataStat\system\CodeIgniter.php(509): CodeIgniter\CodeIgniter->runController(Object(App\Controllers\Auth\LoginController))
#9 C:\laragon\www\DataStat\system\CodeIgniter.php(355): CodeIgniter\CodeIgniter->handleRequest(NULL, Object(Config\Cache), false)
#10 C:\laragon\www\DataStat\system\Boot.php(325): CodeIgniter\CodeIgniter->run()
#11 C:\laragon\www\DataStat\system\Boot.php(67): CodeIgniter\Boot::runCodeIgniter(Object(CodeIgniter\CodeIgniter))
#12 C:\laragon\www\DataStat\public\index.php(56): CodeIgniter\Boot::bootWeb(Object(Config\Paths))
#13 C:\laragon\www\DataStat\system\rewrite.php(44): require_once('C:\\laragon\\www\\...')
#14 {main}
CRITICAL - 2025-12-24 04:29:49 --> CodeIgniter\Database\Exceptions\DatabaseException: Unknown column 'users.role_id' in 'on clause'
[Method: POST, Route: login]
in SYSTEMPATH\Database\BaseConnection.php on line 688.
 1 SYSTEMPATH\Database\BaseBuilder.php(1644): CodeIgniter\Database\BaseConnection->query('SELECT `users`.*, `roles`.`id` as `role_id`, `roles`.`role_name`, `roles`.`description` as `role_label`
FROM `users`
JOIN `roles` ON `roles`.`id` = `users`.`role_id`
WHERE `users`.`id` = :users.id:
AND `users`.`deleted_at` IS NULL
 LIMIT 1', [...], false)
 2 SYSTEMPATH\Model.php(330): CodeIgniter\Database\BaseBuilder->get()
 3 SYSTEMPATH\BaseModel.php(714): CodeIgniter\Model->doFirst()
 4 APPPATH\Controllers\Auth\LoginController.php(107): CodeIgniter\BaseModel->first()
 5 SYSTEMPATH\CodeIgniter.php(933): App\Controllers\Auth\LoginController->authenticate()
 6 SYSTEMPATH\CodeIgniter.php(509): CodeIgniter\CodeIgniter->runController(Object(App\Controllers\Auth\LoginController))
 7 SYSTEMPATH\CodeIgniter.php(355): CodeIgniter\CodeIgniter->handleRequest(null, Object(Config\Cache), false)
 8 SYSTEMPATH\Boot.php(325): CodeIgniter\CodeIgniter->run()
 9 SYSTEMPATH\Boot.php(67): CodeIgniter\Boot::runCodeIgniter(Object(CodeIgniter\CodeIgniter))
10 FCPATH\index.php(56): CodeIgniter\Boot::bootWeb(Object(Config\Paths))
11 SYSTEMPATH\rewrite.php(44): require_once('C:\\laragon\\www\\DataStat\\public\\index.php')
CRITICAL - 2025-12-24 04:29:49 --> [Caused by] CodeIgniter\Database\Exceptions\DatabaseException: Unknown column 'users.role_id' in 'on clause'
in SYSTEMPATH\Database\MySQLi\Connection.php on line 317.
 1 SYSTEMPATH\Database\BaseConnection.php(734): CodeIgniter\Database\MySQLi\Connection->execute('SELECT `users`.*, `roles`.`id` as `role_id`, `roles`.`role_name`, `roles`.`description` as `role_label`
FROM `users`
JOIN `roles` ON `roles`.`id` = `users`.`role_id`
WHERE `users`.`id` = \'2\'
AND `users`.`deleted_at` IS NULL
 LIMIT 1')
 2 SYSTEMPATH\Database\BaseConnection.php(648): CodeIgniter\Database\BaseConnection->simpleQuery('SELECT `users`.*, `roles`.`id` as `role_id`, `roles`.`role_name`, `roles`.`description` as `role_label`
FROM `users`
JOIN `roles` ON `roles`.`id` = `users`.`role_id`
WHERE `users`.`id` = \'2\'
AND `users`.`deleted_at` IS NULL
 LIMIT 1')
 3 SYSTEMPATH\Database\BaseBuilder.php(1644): CodeIgniter\Database\BaseConnection->query('SELECT `users`.*, `roles`.`id` as `role_id`, `roles`.`role_name`, `roles`.`description` as `role_label`
FROM `users`
JOIN `roles` ON `roles`.`id` = `users`.`role_id`
WHERE `users`.`id` = :users.id:
AND `users`.`deleted_at` IS NULL
 LIMIT 1', [...], false)
 4 SYSTEMPATH\Model.php(330): CodeIgniter\Database\BaseBuilder->get()
 5 SYSTEMPATH\BaseModel.php(714): CodeIgniter\Model->doFirst()
 6 APPPATH\Controllers\Auth\LoginController.php(107): CodeIgniter\BaseModel->first()
 7 SYSTEMPATH\CodeIgniter.php(933): App\Controllers\Auth\LoginController->authenticate()
 8 SYSTEMPATH\CodeIgniter.php(509): CodeIgniter\CodeIgniter->runController(Object(App\Controllers\Auth\LoginController))
 9 SYSTEMPATH\CodeIgniter.php(355): CodeIgniter\CodeIgniter->handleRequest(null, Object(Config\Cache), false)
10 SYSTEMPATH\Boot.php(325): CodeIgniter\CodeIgniter->run()
11 SYSTEMPATH\Boot.php(67): CodeIgniter\Boot::runCodeIgniter(Object(CodeIgniter\CodeIgniter))
12 FCPATH\index.php(56): CodeIgniter\Boot::bootWeb(Object(Config\Paths))
13 SYSTEMPATH\rewrite.php(44): require_once('C:\\laragon\\www\\DataStat\\public\\index.php')
CRITICAL - 2025-12-24 04:29:49 --> [Caused by] mysqli_sql_exception: Unknown column 'users.role_id' in 'on clause'
in SYSTEMPATH\Database\MySQLi\Connection.php on line 312.
 1 SYSTEMPATH\Database\MySQLi\Connection.php(312): mysqli->query('SELECT `users`.*, `roles`.`id` as `role_id`, `roles`.`role_name`, `roles`.`description` as `role_label`
FROM `users`
JOIN `roles` ON `roles`.`id` = `users`.`role_id`
WHERE `users`.`id` = \'2\'
AND `users`.`deleted_at` IS NULL
 LIMIT 1', 0)
 2 SYSTEMPATH\Database\BaseConnection.php(734): CodeIgniter\Database\MySQLi\Connection->execute('SELECT `users`.*, `roles`.`id` as `role_id`, `roles`.`role_name`, `roles`.`description` as `role_label`
FROM `users`
JOIN `roles` ON `roles`.`id` = `users`.`role_id`
WHERE `users`.`id` = \'2\'
AND `users`.`deleted_at` IS NULL
 LIMIT 1')
 3 SYSTEMPATH\Database\BaseConnection.php(648): CodeIgniter\Database\BaseConnection->simpleQuery('SELECT `users`.*, `roles`.`id` as `role_id`, `roles`.`role_name`, `roles`.`description` as `role_label`
FROM `users`
JOIN `roles` ON `roles`.`id` = `users`.`role_id`
WHERE `users`.`id` = \'2\'
AND `users`.`deleted_at` IS NULL
 LIMIT 1')
 4 SYSTEMPATH\Database\BaseBuilder.php(1644): CodeIgniter\Database\BaseConnection->query('SELECT `users`.*, `roles`.`id` as `role_id`, `roles`.`role_name`, `roles`.`description` as `role_label`
FROM `users`
JOIN `roles` ON `roles`.`id` = `users`.`role_id`
WHERE `users`.`id` = :users.id:
AND `users`.`deleted_at` IS NULL
 LIMIT 1', [...], false)
 5 SYSTEMPATH\Model.php(330): CodeIgniter\Database\BaseBuilder->get()
 6 SYSTEMPATH\BaseModel.php(714): CodeIgniter\Model->doFirst()
 7 APPPATH\Controllers\Auth\LoginController.php(107): CodeIgniter\BaseModel->first()
 8 SYSTEMPATH\CodeIgniter.php(933): App\Controllers\Auth\LoginController->authenticate()
 9 SYSTEMPATH\CodeIgniter.php(509): CodeIgniter\CodeIgniter->runController(Object(App\Controllers\Auth\LoginController))
10 SYSTEMPATH\CodeIgniter.php(355): CodeIgniter\CodeIgniter->handleRequest(null, Object(Config\Cache), false)
11 SYSTEMPATH\Boot.php(325): CodeIgniter\CodeIgniter->run()
12 SYSTEMPATH\Boot.php(67): CodeIgniter\Boot::runCodeIgniter(Object(CodeIgniter\CodeIgniter))
13 FCPATH\index.php(56): CodeIgniter\Boot::bootWeb(Object(Config\Paths))
14 SYSTEMPATH\rewrite.php(44): require_once('C:\\laragon\\www\\DataStat\\public\\index.php')
INFO - 2025-12-24 04:29:52 --> Session: Class initialized using 'CodeIgniter\Session\Handlers\FileHandler' driver.
ERROR - 2025-12-24 04:29:52 --> mysqli_sql_exception: Unknown column 'users.role_id' in 'on clause' in C:\laragon\www\DataStat\system\Database\MySQLi\Connection.php:312
Stack trace:
#0 C:\laragon\www\DataStat\system\Database\MySQLi\Connection.php(312): mysqli->query('SELECT `users`....', 0)
#1 C:\laragon\www\DataStat\system\Database\BaseConnection.php(734): CodeIgniter\Database\MySQLi\Connection->execute('SELECT `users`....')
#2 C:\laragon\www\DataStat\system\Database\BaseConnection.php(648): CodeIgniter\Database\BaseConnection->simpleQuery('SELECT `users`....')
#3 C:\laragon\www\DataStat\system\Database\BaseBuilder.php(1644): CodeIgniter\Database\BaseConnection->query('SELECT `users`....', Array, false)
#4 C:\laragon\www\DataStat\system\Model.php(330): CodeIgniter\Database\BaseBuilder->get()
#5 C:\laragon\www\DataStat\system\BaseModel.php(714): CodeIgniter\Model->doFirst()
#6 C:\laragon\www\DataStat\app\Controllers\Auth\LoginController.php(107): CodeIgniter\BaseModel->first()
#7 C:\laragon\www\DataStat\system\CodeIgniter.php(933): App\Controllers\Auth\LoginController->authenticate()
#8 C:\laragon\www\DataStat\system\CodeIgniter.php(509): CodeIgniter\CodeIgniter->runController(Object(App\Controllers\Auth\LoginController))
#9 C:\laragon\www\DataStat\system\CodeIgniter.php(355): CodeIgniter\CodeIgniter->handleRequest(NULL, Object(Config\Cache), false)
#10 C:\laragon\www\DataStat\system\Boot.php(325): CodeIgniter\CodeIgniter->run()
#11 C:\laragon\www\DataStat\system\Boot.php(67): CodeIgniter\Boot::runCodeIgniter(Object(CodeIgniter\CodeIgniter))
#12 C:\laragon\www\DataStat\public\index.php(56): CodeIgniter\Boot::bootWeb(Object(Config\Paths))
#13 C:\laragon\www\DataStat\system\rewrite.php(44): require_once('C:\\laragon\\www\\...')
#14 {main}
CRITICAL - 2025-12-24 04:29:52 --> CodeIgniter\Database\Exceptions\DatabaseException: Unknown column 'users.role_id' in 'on clause'
[Method: POST, Route: login]
in SYSTEMPATH\Database\BaseConnection.php on line 688.
 1 SYSTEMPATH\Database\BaseBuilder.php(1644): CodeIgniter\Database\BaseConnection->query('SELECT `users`.*, `roles`.`id` as `role_id`, `roles`.`role_name`, `roles`.`description` as `role_label`
FROM `users`
JOIN `roles` ON `roles`.`id` = `users`.`role_id`
WHERE `users`.`id` = :users.id:
AND `users`.`deleted_at` IS NULL
 LIMIT 1', [...], false)
 2 SYSTEMPATH\Model.php(330): CodeIgniter\Database\BaseBuilder->get()
 3 SYSTEMPATH\BaseModel.php(714): CodeIgniter\Model->doFirst()
 4 APPPATH\Controllers\Auth\LoginController.php(107): CodeIgniter\BaseModel->first()
 5 SYSTEMPATH\CodeIgniter.php(933): App\Controllers\Auth\LoginController->authenticate()
 6 SYSTEMPATH\CodeIgniter.php(509): CodeIgniter\CodeIgniter->runController(Object(App\Controllers\Auth\LoginController))
 7 SYSTEMPATH\CodeIgniter.php(355): CodeIgniter\CodeIgniter->handleRequest(null, Object(Config\Cache), false)
 8 SYSTEMPATH\Boot.php(325): CodeIgniter\CodeIgniter->run()
 9 SYSTEMPATH\Boot.php(67): CodeIgniter\Boot::runCodeIgniter(Object(CodeIgniter\CodeIgniter))
10 FCPATH\index.php(56): CodeIgniter\Boot::bootWeb(Object(Config\Paths))
11 SYSTEMPATH\rewrite.php(44): require_once('C:\\laragon\\www\\DataStat\\public\\index.php')
CRITICAL - 2025-12-24 04:29:52 --> [Caused by] CodeIgniter\Database\Exceptions\DatabaseException: Unknown column 'users.role_id' in 'on clause'
in SYSTEMPATH\Database\MySQLi\Connection.php on line 317.
 1 SYSTEMPATH\Database\BaseConnection.php(734): CodeIgniter\Database\MySQLi\Connection->execute('SELECT `users`.*, `roles`.`id` as `role_id`, `roles`.`role_name`, `roles`.`description` as `role_label`
FROM `users`
JOIN `roles` ON `roles`.`id` = `users`.`role_id`
WHERE `users`.`id` = \'2\'
AND `users`.`deleted_at` IS NULL
 LIMIT 1')
 2 SYSTEMPATH\Database\BaseConnection.php(648): CodeIgniter\Database\BaseConnection->simpleQuery('SELECT `users`.*, `roles`.`id` as `role_id`, `roles`.`role_name`, `roles`.`description` as `role_label`
FROM `users`
JOIN `roles` ON `roles`.`id` = `users`.`role_id`
WHERE `users`.`id` = \'2\'
AND `users`.`deleted_at` IS NULL
 LIMIT 1')
 3 SYSTEMPATH\Database\BaseBuilder.php(1644): CodeIgniter\Database\BaseConnection->query('SELECT `users`.*, `roles`.`id` as `role_id`, `roles`.`role_name`, `roles`.`description` as `role_label`
FROM `users`
JOIN `roles` ON `roles`.`id` = `users`.`role_id`
WHERE `users`.`id` = :users.id:
AND `users`.`deleted_at` IS NULL
 LIMIT 1', [...], false)
 4 SYSTEMPATH\Model.php(330): CodeIgniter\Database\BaseBuilder->get()
 5 SYSTEMPATH\BaseModel.php(714): CodeIgniter\Model->doFirst()
 6 APPPATH\Controllers\Auth\LoginController.php(107): CodeIgniter\BaseModel->first()
 7 SYSTEMPATH\CodeIgniter.php(933): App\Controllers\Auth\LoginController->authenticate()
 8 SYSTEMPATH\CodeIgniter.php(509): CodeIgniter\CodeIgniter->runController(Object(App\Controllers\Auth\LoginController))
 9 SYSTEMPATH\CodeIgniter.php(355): CodeIgniter\CodeIgniter->handleRequest(null, Object(Config\Cache), false)
10 SYSTEMPATH\Boot.php(325): CodeIgniter\CodeIgniter->run()
11 SYSTEMPATH\Boot.php(67): CodeIgniter\Boot::runCodeIgniter(Object(CodeIgniter\CodeIgniter))
12 FCPATH\index.php(56): CodeIgniter\Boot::bootWeb(Object(Config\Paths))
13 SYSTEMPATH\rewrite.php(44): require_once('C:\\laragon\\www\\DataStat\\public\\index.php')
CRITICAL - 2025-12-24 04:29:52 --> [Caused by] mysqli_sql_exception: Unknown column 'users.role_id' in 'on clause'
in SYSTEMPATH\Database\MySQLi\Connection.php on line 312.
 1 SYSTEMPATH\Database\MySQLi\Connection.php(312): mysqli->query('SELECT `users`.*, `roles`.`id` as `role_id`, `roles`.`role_name`, `roles`.`description` as `role_label`
FROM `users`
JOIN `roles` ON `roles`.`id` = `users`.`role_id`
WHERE `users`.`id` = \'2\'
AND `users`.`deleted_at` IS NULL
 LIMIT 1', 0)
 2 SYSTEMPATH\Database\BaseConnection.php(734): CodeIgniter\Database\MySQLi\Connection->execute('SELECT `users`.*, `roles`.`id` as `role_id`, `roles`.`role_name`, `roles`.`description` as `role_label`
FROM `users`
JOIN `roles` ON `roles`.`id` = `users`.`role_id`
WHERE `users`.`id` = \'2\'
AND `users`.`deleted_at` IS NULL
 LIMIT 1')
 3 SYSTEMPATH\Database\BaseConnection.php(648): CodeIgniter\Database\BaseConnection->simpleQuery('SELECT `users`.*, `roles`.`id` as `role_id`, `roles`.`role_name`, `roles`.`description` as `role_label`
FROM `users`
JOIN `roles` ON `roles`.`id` = `users`.`role_id`
WHERE `users`.`id` = \'2\'
AND `users`.`deleted_at` IS NULL
 LIMIT 1')
 4 SYSTEMPATH\Database\BaseBuilder.php(1644): CodeIgniter\Database\BaseConnection->query('SELECT `users`.*, `roles`.`id` as `role_id`, `roles`.`role_name`, `roles`.`description` as `role_label`
FROM `users`
JOIN `roles` ON `roles`.`id` = `users`.`role_id`
WHERE `users`.`id` = :users.id:
AND `users`.`deleted_at` IS NULL
 LIMIT 1', [...], false)
 5 SYSTEMPATH\Model.php(330): CodeIgniter\Database\BaseBuilder->get()
 6 SYSTEMPATH\BaseModel.php(714): CodeIgniter\Model->doFirst()
 7 APPPATH\Controllers\Auth\LoginController.php(107): CodeIgniter\BaseModel->first()
 8 SYSTEMPATH\CodeIgniter.php(933): App\Controllers\Auth\LoginController->authenticate()
 9 SYSTEMPATH\CodeIgniter.php(509): CodeIgniter\CodeIgniter->runController(Object(App\Controllers\Auth\LoginController))
10 SYSTEMPATH\CodeIgniter.php(355): CodeIgniter\CodeIgniter->handleRequest(null, Object(Config\Cache), false)
11 SYSTEMPATH\Boot.php(325): CodeIgniter\CodeIgniter->run()
12 SYSTEMPATH\Boot.php(67): CodeIgniter\Boot::runCodeIgniter(Object(CodeIgniter\CodeIgniter))
13 FCPATH\index.php(56): CodeIgniter\Boot::bootWeb(Object(Config\Paths))
14 SYSTEMPATH\rewrite.php(44): require_once('C:\\laragon\\www\\DataStat\\public\\index.php')
INFO - 2025-12-24 04:29:54 --> Session: Class initialized using 'CodeIgniter\Session\Handlers\FileHandler' driver.
ERROR - 2025-12-24 04:29:54 --> mysqli_sql_exception: Unknown column 'users.role_id' in 'on clause' in C:\laragon\www\DataStat\system\Database\MySQLi\Connection.php:312
Stack trace:
#0 C:\laragon\www\DataStat\system\Database\MySQLi\Connection.php(312): mysqli->query('SELECT `users`....', 0)
#1 C:\laragon\www\DataStat\system\Database\BaseConnection.php(734): CodeIgniter\Database\MySQLi\Connection->execute('SELECT `users`....')
#2 C:\laragon\www\DataStat\system\Database\BaseConnection.php(648): CodeIgniter\Database\BaseConnection->simpleQuery('SELECT `users`....')
#3 C:\laragon\www\DataStat\system\Database\BaseBuilder.php(1644): CodeIgniter\Database\BaseConnection->query('SELECT `users`....', Array, false)
#4 C:\laragon\www\DataStat\system\Model.php(330): CodeIgniter\Database\BaseBuilder->get()
#5 C:\laragon\www\DataStat\system\BaseModel.php(714): CodeIgniter\Model->doFirst()
#6 C:\laragon\www\DataStat\app\Controllers\Auth\LoginController.php(107): CodeIgniter\BaseModel->first()
#7 C:\laragon\www\DataStat\system\CodeIgniter.php(933): App\Controllers\Auth\LoginController->authenticate()
#8 C:\laragon\www\DataStat\system\CodeIgniter.php(509): CodeIgniter\CodeIgniter->runController(Object(App\Controllers\Auth\LoginController))
#9 C:\laragon\www\DataStat\system\CodeIgniter.php(355): CodeIgniter\CodeIgniter->handleRequest(NULL, Object(Config\Cache), false)
#10 C:\laragon\www\DataStat\system\Boot.php(325): CodeIgniter\CodeIgniter->run()
#11 C:\laragon\www\DataStat\system\Boot.php(67): CodeIgniter\Boot::runCodeIgniter(Object(CodeIgniter\CodeIgniter))
#12 C:\laragon\www\DataStat\public\index.php(56): CodeIgniter\Boot::bootWeb(Object(Config\Paths))
#13 C:\laragon\www\DataStat\system\rewrite.php(44): require_once('C:\\laragon\\www\\...')
#14 {main}
CRITICAL - 2025-12-24 04:29:54 --> CodeIgniter\Database\Exceptions\DatabaseException: Unknown column 'users.role_id' in 'on clause'
[Method: POST, Route: login]
in SYSTEMPATH\Database\BaseConnection.php on line 688.
 1 SYSTEMPATH\Database\BaseBuilder.php(1644): CodeIgniter\Database\BaseConnection->query('SELECT `users`.*, `roles`.`id` as `role_id`, `roles`.`role_name`, `roles`.`description` as `role_label`
FROM `users`
JOIN `roles` ON `roles`.`id` = `users`.`role_id`
WHERE `users`.`id` = :users.id:
AND `users`.`deleted_at` IS NULL
 LIMIT 1', [...], false)
 2 SYSTEMPATH\Model.php(330): CodeIgniter\Database\BaseBuilder->get()
 3 SYSTEMPATH\BaseModel.php(714): CodeIgniter\Model->doFirst()
 4 APPPATH\Controllers\Auth\LoginController.php(107): CodeIgniter\BaseModel->first()
 5 SYSTEMPATH\CodeIgniter.php(933): App\Controllers\Auth\LoginController->authenticate()
 6 SYSTEMPATH\CodeIgniter.php(509): CodeIgniter\CodeIgniter->runController(Object(App\Controllers\Auth\LoginController))
 7 SYSTEMPATH\CodeIgniter.php(355): CodeIgniter\CodeIgniter->handleRequest(null, Object(Config\Cache), false)
 8 SYSTEMPATH\Boot.php(325): CodeIgniter\CodeIgniter->run()
 9 SYSTEMPATH\Boot.php(67): CodeIgniter\Boot::runCodeIgniter(Object(CodeIgniter\CodeIgniter))
10 FCPATH\index.php(56): CodeIgniter\Boot::bootWeb(Object(Config\Paths))
11 SYSTEMPATH\rewrite.php(44): require_once('C:\\laragon\\www\\DataStat\\public\\index.php')
CRITICAL - 2025-12-24 04:29:54 --> [Caused by] CodeIgniter\Database\Exceptions\DatabaseException: Unknown column 'users.role_id' in 'on clause'
in SYSTEMPATH\Database\MySQLi\Connection.php on line 317.
 1 SYSTEMPATH\Database\BaseConnection.php(734): CodeIgniter\Database\MySQLi\Connection->execute('SELECT `users`.*, `roles`.`id` as `role_id`, `roles`.`role_name`, `roles`.`description` as `role_label`
FROM `users`
JOIN `roles` ON `roles`.`id` = `users`.`role_id`
WHERE `users`.`id` = \'2\'
AND `users`.`deleted_at` IS NULL
 LIMIT 1')
 2 SYSTEMPATH\Database\BaseConnection.php(648): CodeIgniter\Database\BaseConnection->simpleQuery('SELECT `users`.*, `roles`.`id` as `role_id`, `roles`.`role_name`, `roles`.`description` as `role_label`
FROM `users`
JOIN `roles` ON `roles`.`id` = `users`.`role_id`
WHERE `users`.`id` = \'2\'
AND `users`.`deleted_at` IS NULL
 LIMIT 1')
 3 SYSTEMPATH\Database\BaseBuilder.php(1644): CodeIgniter\Database\BaseConnection->query('SELECT `users`.*, `roles`.`id` as `role_id`, `roles`.`role_name`, `roles`.`description` as `role_label`
FROM `users`
JOIN `roles` ON `roles`.`id` = `users`.`role_id`
WHERE `users`.`id` = :users.id:
AND `users`.`deleted_at` IS NULL
 LIMIT 1', [...], false)
 4 SYSTEMPATH\Model.php(330): CodeIgniter\Database\BaseBuilder->get()
 5 SYSTEMPATH\BaseModel.php(714): CodeIgniter\Model->doFirst()
 6 APPPATH\Controllers\Auth\LoginController.php(107): CodeIgniter\BaseModel->first()
 7 SYSTEMPATH\CodeIgniter.php(933): App\Controllers\Auth\LoginController->authenticate()
 8 SYSTEMPATH\CodeIgniter.php(509): CodeIgniter\CodeIgniter->runController(Object(App\Controllers\Auth\LoginController))
 9 SYSTEMPATH\CodeIgniter.php(355): CodeIgniter\CodeIgniter->handleRequest(null, Object(Config\Cache), false)
10 SYSTEMPATH\Boot.php(325): CodeIgniter\CodeIgniter->run()
11 SYSTEMPATH\Boot.php(67): CodeIgniter\Boot::runCodeIgniter(Object(CodeIgniter\CodeIgniter))
12 FCPATH\index.php(56): CodeIgniter\Boot::bootWeb(Object(Config\Paths))
13 SYSTEMPATH\rewrite.php(44): require_once('C:\\laragon\\www\\DataStat\\public\\index.php')
CRITICAL - 2025-12-24 04:29:54 --> [Caused by] mysqli_sql_exception: Unknown column 'users.role_id' in 'on clause'
in SYSTEMPATH\Database\MySQLi\Connection.php on line 312.
 1 SYSTEMPATH\Database\MySQLi\Connection.php(312): mysqli->query('SELECT `users`.*, `roles`.`id` as `role_id`, `roles`.`role_name`, `roles`.`description` as `role_label`
FROM `users`
JOIN `roles` ON `roles`.`id` = `users`.`role_id`
WHERE `users`.`id` = \'2\'
AND `users`.`deleted_at` IS NULL
 LIMIT 1', 0)
 2 SYSTEMPATH\Database\BaseConnection.php(734): CodeIgniter\Database\MySQLi\Connection->execute('SELECT `users`.*, `roles`.`id` as `role_id`, `roles`.`role_name`, `roles`.`description` as `role_label`
FROM `users`
JOIN `roles` ON `roles`.`id` = `users`.`role_id`
WHERE `users`.`id` = \'2\'
AND `users`.`deleted_at` IS NULL
 LIMIT 1')
 3 SYSTEMPATH\Database\BaseConnection.php(648): CodeIgniter\Database\BaseConnection->simpleQuery('SELECT `users`.*, `roles`.`id` as `role_id`, `roles`.`role_name`, `roles`.`description` as `role_label`
FROM `users`
JOIN `roles` ON `roles`.`id` = `users`.`role_id`
WHERE `users`.`id` = \'2\'
AND `users`.`deleted_at` IS NULL
 LIMIT 1')
 4 SYSTEMPATH\Database\BaseBuilder.php(1644): CodeIgniter\Database\BaseConnection->query('SELECT `users`.*, `roles`.`id` as `role_id`, `roles`.`role_name`, `roles`.`description` as `role_label`
FROM `users`
JOIN `roles` ON `roles`.`id` = `users`.`role_id`
WHERE `users`.`id` = :users.id:
AND `users`.`deleted_at` IS NULL
 LIMIT 1', [...], false)
 5 SYSTEMPATH\Model.php(330): CodeIgniter\Database\BaseBuilder->get()
 6 SYSTEMPATH\BaseModel.php(714): CodeIgniter\Model->doFirst()
 7 APPPATH\Controllers\Auth\LoginController.php(107): CodeIgniter\BaseModel->first()
 8 SYSTEMPATH\CodeIgniter.php(933): App\Controllers\Auth\LoginController->authenticate()
 9 SYSTEMPATH\CodeIgniter.php(509): CodeIgniter\CodeIgniter->runController(Object(App\Controllers\Auth\LoginController))
10 SYSTEMPATH\CodeIgniter.php(355): CodeIgniter\CodeIgniter->handleRequest(null, Object(Config\Cache), false)
11 SYSTEMPATH\Boot.php(325): CodeIgniter\CodeIgniter->run()
12 SYSTEMPATH\Boot.php(67): CodeIgniter\Boot::runCodeIgniter(Object(CodeIgniter\CodeIgniter))
13 FCPATH\index.php(56): CodeIgniter\Boot::bootWeb(Object(Config\Paths))
14 SYSTEMPATH\rewrite.php(44): require_once('C:\\laragon\\www\\DataStat\\public\\index.php')
INFO - 2025-12-24 04:29:55 --> Session: Class initialized using 'CodeIgniter\Session\Handlers\FileHandler' driver.
ERROR - 2025-12-24 04:29:55 --> mysqli_sql_exception: Unknown column 'users.role_id' in 'on clause' in C:\laragon\www\DataStat\system\Database\MySQLi\Connection.php:312
Stack trace:
#0 C:\laragon\www\DataStat\system\Database\MySQLi\Connection.php(312): mysqli->query('SELECT `users`....', 0)
#1 C:\laragon\www\DataStat\system\Database\BaseConnection.php(734): CodeIgniter\Database\MySQLi\Connection->execute('SELECT `users`....')
#2 C:\laragon\www\DataStat\system\Database\BaseConnection.php(648): CodeIgniter\Database\BaseConnection->simpleQuery('SELECT `users`....')
#3 C:\laragon\www\DataStat\system\Database\BaseBuilder.php(1644): CodeIgniter\Database\BaseConnection->query('SELECT `users`....', Array, false)
#4 C:\laragon\www\DataStat\system\Model.php(330): CodeIgniter\Database\BaseBuilder->get()
#5 C:\laragon\www\DataStat\system\BaseModel.php(714): CodeIgniter\Model->doFirst()
#6 C:\laragon\www\DataStat\app\Controllers\Auth\LoginController.php(107): CodeIgniter\BaseModel->first()
#7 C:\laragon\www\DataStat\system\CodeIgniter.php(933): App\Controllers\Auth\LoginController->authenticate()
#8 C:\laragon\www\DataStat\system\CodeIgniter.php(509): CodeIgniter\CodeIgniter->runController(Object(App\Controllers\Auth\LoginController))
#9 C:\laragon\www\DataStat\system\CodeIgniter.php(355): CodeIgniter\CodeIgniter->handleRequest(NULL, Object(Config\Cache), false)
#10 C:\laragon\www\DataStat\system\Boot.php(325): CodeIgniter\CodeIgniter->run()
#11 C:\laragon\www\DataStat\system\Boot.php(67): CodeIgniter\Boot::runCodeIgniter(Object(CodeIgniter\CodeIgniter))
#12 C:\laragon\www\DataStat\public\index.php(56): CodeIgniter\Boot::bootWeb(Object(Config\Paths))
#13 C:\laragon\www\DataStat\system\rewrite.php(44): require_once('C:\\laragon\\www\\...')
#14 {main}
CRITICAL - 2025-12-24 04:29:55 --> CodeIgniter\Database\Exceptions\DatabaseException: Unknown column 'users.role_id' in 'on clause'
[Method: POST, Route: login]
in SYSTEMPATH\Database\BaseConnection.php on line 688.
 1 SYSTEMPATH\Database\BaseBuilder.php(1644): CodeIgniter\Database\BaseConnection->query('SELECT `users`.*, `roles`.`id` as `role_id`, `roles`.`role_name`, `roles`.`description` as `role_label`
FROM `users`
JOIN `roles` ON `roles`.`id` = `users`.`role_id`
WHERE `users`.`id` = :users.id:
AND `users`.`deleted_at` IS NULL
 LIMIT 1', [...], false)
 2 SYSTEMPATH\Model.php(330): CodeIgniter\Database\BaseBuilder->get()
 3 SYSTEMPATH\BaseModel.php(714): CodeIgniter\Model->doFirst()
 4 APPPATH\Controllers\Auth\LoginController.php(107): CodeIgniter\BaseModel->first()
 5 SYSTEMPATH\CodeIgniter.php(933): App\Controllers\Auth\LoginController->authenticate()
 6 SYSTEMPATH\CodeIgniter.php(509): CodeIgniter\CodeIgniter->runController(Object(App\Controllers\Auth\LoginController))
 7 SYSTEMPATH\CodeIgniter.php(355): CodeIgniter\CodeIgniter->handleRequest(null, Object(Config\Cache), false)
 8 SYSTEMPATH\Boot.php(325): CodeIgniter\CodeIgniter->run()
 9 SYSTEMPATH\Boot.php(67): CodeIgniter\Boot::runCodeIgniter(Object(CodeIgniter\CodeIgniter))
10 FCPATH\index.php(56): CodeIgniter\Boot::bootWeb(Object(Config\Paths))
11 SYSTEMPATH\rewrite.php(44): require_once('C:\\laragon\\www\\DataStat\\public\\index.php')
CRITICAL - 2025-12-24 04:29:55 --> [Caused by] CodeIgniter\Database\Exceptions\DatabaseException: Unknown column 'users.role_id' in 'on clause'
in SYSTEMPATH\Database\MySQLi\Connection.php on line 317.
 1 SYSTEMPATH\Database\BaseConnection.php(734): CodeIgniter\Database\MySQLi\Connection->execute('SELECT `users`.*, `roles`.`id` as `role_id`, `roles`.`role_name`, `roles`.`description` as `role_label`
FROM `users`
JOIN `roles` ON `roles`.`id` = `users`.`role_id`
WHERE `users`.`id` = \'2\'
AND `users`.`deleted_at` IS NULL
 LIMIT 1')
 2 SYSTEMPATH\Database\BaseConnection.php(648): CodeIgniter\Database\BaseConnection->simpleQuery('SELECT `users`.*, `roles`.`id` as `role_id`, `roles`.`role_name`, `roles`.`description` as `role_label`
FROM `users`
JOIN `roles` ON `roles`.`id` = `users`.`role_id`
WHERE `users`.`id` = \'2\'
AND `users`.`deleted_at` IS NULL
 LIMIT 1')
 3 SYSTEMPATH\Database\BaseBuilder.php(1644): CodeIgniter\Database\BaseConnection->query('SELECT `users`.*, `roles`.`id` as `role_id`, `roles`.`role_name`, `roles`.`description` as `role_label`
FROM `users`
JOIN `roles` ON `roles`.`id` = `users`.`role_id`
WHERE `users`.`id` = :users.id:
AND `users`.`deleted_at` IS NULL
 LIMIT 1', [...], false)
 4 SYSTEMPATH\Model.php(330): CodeIgniter\Database\BaseBuilder->get()
 5 SYSTEMPATH\BaseModel.php(714): CodeIgniter\Model->doFirst()
 6 APPPATH\Controllers\Auth\LoginController.php(107): CodeIgniter\BaseModel->first()
 7 SYSTEMPATH\CodeIgniter.php(933): App\Controllers\Auth\LoginController->authenticate()
 8 SYSTEMPATH\CodeIgniter.php(509): CodeIgniter\CodeIgniter->runController(Object(App\Controllers\Auth\LoginController))
 9 SYSTEMPATH\CodeIgniter.php(355): CodeIgniter\CodeIgniter->handleRequest(null, Object(Config\Cache), false)
10 SYSTEMPATH\Boot.php(325): CodeIgniter\CodeIgniter->run()
11 SYSTEMPATH\Boot.php(67): CodeIgniter\Boot::runCodeIgniter(Object(CodeIgniter\CodeIgniter))
12 FCPATH\index.php(56): CodeIgniter\Boot::bootWeb(Object(Config\Paths))
13 SYSTEMPATH\rewrite.php(44): require_once('C:\\laragon\\www\\DataStat\\public\\index.php')
CRITICAL - 2025-12-24 04:29:55 --> [Caused by] mysqli_sql_exception: Unknown column 'users.role_id' in 'on clause'
in SYSTEMPATH\Database\MySQLi\Connection.php on line 312.
 1 SYSTEMPATH\Database\MySQLi\Connection.php(312): mysqli->query('SELECT `users`.*, `roles`.`id` as `role_id`, `roles`.`role_name`, `roles`.`description` as `role_label`
FROM `users`
JOIN `roles` ON `roles`.`id` = `users`.`role_id`
WHERE `users`.`id` = \'2\'
AND `users`.`deleted_at` IS NULL
 LIMIT 1', 0)
 2 SYSTEMPATH\Database\BaseConnection.php(734): CodeIgniter\Database\MySQLi\Connection->execute('SELECT `users`.*, `roles`.`id` as `role_id`, `roles`.`role_name`, `roles`.`description` as `role_label`
FROM `users`
JOIN `roles` ON `roles`.`id` = `users`.`role_id`
WHERE `users`.`id` = \'2\'
AND `users`.`deleted_at` IS NULL
 LIMIT 1')
 3 SYSTEMPATH\Database\BaseConnection.php(648): CodeIgniter\Database\BaseConnection->simpleQuery('SELECT `users`.*, `roles`.`id` as `role_id`, `roles`.`role_name`, `roles`.`description` as `role_label`
FROM `users`
JOIN `roles` ON `roles`.`id` = `users`.`role_id`
WHERE `users`.`id` = \'2\'
AND `users`.`deleted_at` IS NULL
 LIMIT 1')
 4 SYSTEMPATH\Database\BaseBuilder.php(1644): CodeIgniter\Database\BaseConnection->query('SELECT `users`.*, `roles`.`id` as `role_id`, `roles`.`role_name`, `roles`.`description` as `role_label`
FROM `users`
JOIN `roles` ON `roles`.`id` = `users`.`role_id`
WHERE `users`.`id` = :users.id:
AND `users`.`deleted_at` IS NULL
 LIMIT 1', [...], false)
 5 SYSTEMPATH\Model.php(330): CodeIgniter\Database\BaseBuilder->get()
 6 SYSTEMPATH\BaseModel.php(714): CodeIgniter\Model->doFirst()
 7 APPPATH\Controllers\Auth\LoginController.php(107): CodeIgniter\BaseModel->first()
 8 SYSTEMPATH\CodeIgniter.php(933): App\Controllers\Auth\LoginController->authenticate()
 9 SYSTEMPATH\CodeIgniter.php(509): CodeIgniter\CodeIgniter->runController(Object(App\Controllers\Auth\LoginController))
10 SYSTEMPATH\CodeIgniter.php(355): CodeIgniter\CodeIgniter->handleRequest(null, Object(Config\Cache), false)
11 SYSTEMPATH\Boot.php(325): CodeIgniter\CodeIgniter->run()
12 SYSTEMPATH\Boot.php(67): CodeIgniter\Boot::runCodeIgniter(Object(CodeIgniter\CodeIgniter))
13 FCPATH\index.php(56): CodeIgniter\Boot::bootWeb(Object(Config\Paths))
14 SYSTEMPATH\rewrite.php(44): require_once('C:\\laragon\\www\\DataStat\\public\\index.php')
INFO - 2025-12-24 04:29:58 --> Session: Class initialized using 'CodeIgniter\Session\Handlers\FileHandler' driver.
INFO - 2025-12-24 04:30:14 --> Session: Class initialized using 'CodeIgniter\Session\Handlers\FileHandler' driver.
ERROR - 2025-12-24 04:30:14 --> mysqli_sql_exception: Unknown column 'users.role_id' in 'on clause' in C:\laragon\www\DataStat\system\Database\MySQLi\Connection.php:312
Stack trace:
#0 C:\laragon\www\DataStat\system\Database\MySQLi\Connection.php(312): mysqli->query('SELECT `users`....', 0)
#1 C:\laragon\www\DataStat\system\Database\BaseConnection.php(734): CodeIgniter\Database\MySQLi\Connection->execute('SELECT `users`....')
#2 C:\laragon\www\DataStat\system\Database\BaseConnection.php(648): CodeIgniter\Database\BaseConnection->simpleQuery('SELECT `users`....')
#3 C:\laragon\www\DataStat\system\Database\BaseBuilder.php(1644): CodeIgniter\Database\BaseConnection->query('SELECT `users`....', Array, false)
#4 C:\laragon\www\DataStat\system\Model.php(330): CodeIgniter\Database\BaseBuilder->get()
#5 C:\laragon\www\DataStat\system\BaseModel.php(714): CodeIgniter\Model->doFirst()
#6 C:\laragon\www\DataStat\app\Controllers\Auth\LoginController.php(107): CodeIgniter\BaseModel->first()
#7 C:\laragon\www\DataStat\system\CodeIgniter.php(933): App\Controllers\Auth\LoginController->authenticate()
#8 C:\laragon\www\DataStat\system\CodeIgniter.php(509): CodeIgniter\CodeIgniter->runController(Object(App\Controllers\Auth\LoginController))
#9 C:\laragon\www\DataStat\system\CodeIgniter.php(355): CodeIgniter\CodeIgniter->handleRequest(NULL, Object(Config\Cache), false)
#10 C:\laragon\www\DataStat\system\Boot.php(325): CodeIgniter\CodeIgniter->run()
#11 C:\laragon\www\DataStat\system\Boot.php(67): CodeIgniter\Boot::runCodeIgniter(Object(CodeIgniter\CodeIgniter))
#12 C:\laragon\www\DataStat\public\index.php(56): CodeIgniter\Boot::bootWeb(Object(Config\Paths))
#13 C:\laragon\www\DataStat\system\rewrite.php(44): require_once('C:\\laragon\\www\\...')
#14 {main}
CRITICAL - 2025-12-24 04:30:14 --> CodeIgniter\Database\Exceptions\DatabaseException: Unknown column 'users.role_id' in 'on clause'
[Method: POST, Route: login]
in SYSTEMPATH\Database\BaseConnection.php on line 688.
 1 SYSTEMPATH\Database\BaseBuilder.php(1644): CodeIgniter\Database\BaseConnection->query('SELECT `users`.*, `roles`.`id` as `role_id`, `roles`.`role_name`, `roles`.`description` as `role_label`
FROM `users`
JOIN `roles` ON `roles`.`id` = `users`.`role_id`
WHERE `users`.`id` = :users.id:
AND `users`.`deleted_at` IS NULL
 LIMIT 1', [...], false)
 2 SYSTEMPATH\Model.php(330): CodeIgniter\Database\BaseBuilder->get()
 3 SYSTEMPATH\BaseModel.php(714): CodeIgniter\Model->doFirst()
 4 APPPATH\Controllers\Auth\LoginController.php(107): CodeIgniter\BaseModel->first()
 5 SYSTEMPATH\CodeIgniter.php(933): App\Controllers\Auth\LoginController->authenticate()
 6 SYSTEMPATH\CodeIgniter.php(509): CodeIgniter\CodeIgniter->runController(Object(App\Controllers\Auth\LoginController))
 7 SYSTEMPATH\CodeIgniter.php(355): CodeIgniter\CodeIgniter->handleRequest(null, Object(Config\Cache), false)
 8 SYSTEMPATH\Boot.php(325): CodeIgniter\CodeIgniter->run()
 9 SYSTEMPATH\Boot.php(67): CodeIgniter\Boot::runCodeIgniter(Object(CodeIgniter\CodeIgniter))
10 FCPATH\index.php(56): CodeIgniter\Boot::bootWeb(Object(Config\Paths))
11 SYSTEMPATH\rewrite.php(44): require_once('C:\\laragon\\www\\DataStat\\public\\index.php')
CRITICAL - 2025-12-24 04:30:14 --> [Caused by] CodeIgniter\Database\Exceptions\DatabaseException: Unknown column 'users.role_id' in 'on clause'
in SYSTEMPATH\Database\MySQLi\Connection.php on line 317.
 1 SYSTEMPATH\Database\BaseConnection.php(734): CodeIgniter\Database\MySQLi\Connection->execute('SELECT `users`.*, `roles`.`id` as `role_id`, `roles`.`role_name`, `roles`.`description` as `role_label`
FROM `users`
JOIN `roles` ON `roles`.`id` = `users`.`role_id`
WHERE `users`.`id` = \'2\'
AND `users`.`deleted_at` IS NULL
 LIMIT 1')
 2 SYSTEMPATH\Database\BaseConnection.php(648): CodeIgniter\Database\BaseConnection->simpleQuery('SELECT `users`.*, `roles`.`id` as `role_id`, `roles`.`role_name`, `roles`.`description` as `role_label`
FROM `users`
JOIN `roles` ON `roles`.`id` = `users`.`role_id`
WHERE `users`.`id` = \'2\'
AND `users`.`deleted_at` IS NULL
 LIMIT 1')
 3 SYSTEMPATH\Database\BaseBuilder.php(1644): CodeIgniter\Database\BaseConnection->query('SELECT `users`.*, `roles`.`id` as `role_id`, `roles`.`role_name`, `roles`.`description` as `role_label`
FROM `users`
JOIN `roles` ON `roles`.`id` = `users`.`role_id`
WHERE `users`.`id` = :users.id:
AND `users`.`deleted_at` IS NULL
 LIMIT 1', [...], false)
 4 SYSTEMPATH\Model.php(330): CodeIgniter\Database\BaseBuilder->get()
 5 SYSTEMPATH\BaseModel.php(714): CodeIgniter\Model->doFirst()
 6 APPPATH\Controllers\Auth\LoginController.php(107): CodeIgniter\BaseModel->first()
 7 SYSTEMPATH\CodeIgniter.php(933): App\Controllers\Auth\LoginController->authenticate()
 8 SYSTEMPATH\CodeIgniter.php(509): CodeIgniter\CodeIgniter->runController(Object(App\Controllers\Auth\LoginController))
 9 SYSTEMPATH\CodeIgniter.php(355): CodeIgniter\CodeIgniter->handleRequest(null, Object(Config\Cache), false)
10 SYSTEMPATH\Boot.php(325): CodeIgniter\CodeIgniter->run()
11 SYSTEMPATH\Boot.php(67): CodeIgniter\Boot::runCodeIgniter(Object(CodeIgniter\CodeIgniter))
12 FCPATH\index.php(56): CodeIgniter\Boot::bootWeb(Object(Config\Paths))
13 SYSTEMPATH\rewrite.php(44): require_once('C:\\laragon\\www\\DataStat\\public\\index.php')
CRITICAL - 2025-12-24 04:30:14 --> [Caused by] mysqli_sql_exception: Unknown column 'users.role_id' in 'on clause'
in SYSTEMPATH\Database\MySQLi\Connection.php on line 312.
 1 SYSTEMPATH\Database\MySQLi\Connection.php(312): mysqli->query('SELECT `users`.*, `roles`.`id` as `role_id`, `roles`.`role_name`, `roles`.`description` as `role_label`
FROM `users`
JOIN `roles` ON `roles`.`id` = `users`.`role_id`
WHERE `users`.`id` = \'2\'
AND `users`.`deleted_at` IS NULL
 LIMIT 1', 0)
 2 SYSTEMPATH\Database\BaseConnection.php(734): CodeIgniter\Database\MySQLi\Connection->execute('SELECT `users`.*, `roles`.`id` as `role_id`, `roles`.`role_name`, `roles`.`description` as `role_label`
FROM `users`
JOIN `roles` ON `roles`.`id` = `users`.`role_id`
WHERE `users`.`id` = \'2\'
AND `users`.`deleted_at` IS NULL
 LIMIT 1')
 3 SYSTEMPATH\Database\BaseConnection.php(648): CodeIgniter\Database\BaseConnection->simpleQuery('SELECT `users`.*, `roles`.`id` as `role_id`, `roles`.`role_name`, `roles`.`description` as `role_label`
FROM `users`
JOIN `roles` ON `roles`.`id` = `users`.`role_id`
WHERE `users`.`id` = \'2\'
AND `users`.`deleted_at` IS NULL
 LIMIT 1')
 4 SYSTEMPATH\Database\BaseBuilder.php(1644): CodeIgniter\Database\BaseConnection->query('SELECT `users`.*, `roles`.`id` as `role_id`, `roles`.`role_name`, `roles`.`description` as `role_label`
FROM `users`
JOIN `roles` ON `roles`.`id` = `users`.`role_id`
WHERE `users`.`id` = :users.id:
AND `users`.`deleted_at` IS NULL
 LIMIT 1', [...], false)
 5 SYSTEMPATH\Model.php(330): CodeIgniter\Database\BaseBuilder->get()
 6 SYSTEMPATH\BaseModel.php(714): CodeIgniter\Model->doFirst()
 7 APPPATH\Controllers\Auth\LoginController.php(107): CodeIgniter\BaseModel->first()
 8 SYSTEMPATH\CodeIgniter.php(933): App\Controllers\Auth\LoginController->authenticate()
 9 SYSTEMPATH\CodeIgniter.php(509): CodeIgniter\CodeIgniter->runController(Object(App\Controllers\Auth\LoginController))
10 SYSTEMPATH\CodeIgniter.php(355): CodeIgniter\CodeIgniter->handleRequest(null, Object(Config\Cache), false)
11 SYSTEMPATH\Boot.php(325): CodeIgniter\CodeIgniter->run()
12 SYSTEMPATH\Boot.php(67): CodeIgniter\Boot::runCodeIgniter(Object(CodeIgniter\CodeIgniter))
13 FCPATH\index.php(56): CodeIgniter\Boot::bootWeb(Object(Config\Paths))
14 SYSTEMPATH\rewrite.php(44): require_once('C:\\laragon\\www\\DataStat\\public\\index.php')
INFO - 2025-12-24 04:30:39 --> Session: Class initialized using 'CodeIgniter\Session\Handlers\FileHandler' driver.
ERROR - 2025-12-24 04:30:39 --> mysqli_sql_exception: Unknown column 'users.role_id' in 'on clause' in C:\laragon\www\DataStat\system\Database\MySQLi\Connection.php:312
Stack trace:
#0 C:\laragon\www\DataStat\system\Database\MySQLi\Connection.php(312): mysqli->query('SELECT `users`....', 0)
#1 C:\laragon\www\DataStat\system\Database\BaseConnection.php(734): CodeIgniter\Database\MySQLi\Connection->execute('SELECT `users`....')
#2 C:\laragon\www\DataStat\system\Database\BaseConnection.php(648): CodeIgniter\Database\BaseConnection->simpleQuery('SELECT `users`....')
#3 C:\laragon\www\DataStat\system\Database\BaseBuilder.php(1644): CodeIgniter\Database\BaseConnection->query('SELECT `users`....', Array, false)
#4 C:\laragon\www\DataStat\system\Model.php(330): CodeIgniter\Database\BaseBuilder->get()
#5 C:\laragon\www\DataStat\system\BaseModel.php(714): CodeIgniter\Model->doFirst()
#6 C:\laragon\www\DataStat\app\Controllers\Auth\LoginController.php(107): CodeIgniter\BaseModel->first()
#7 C:\laragon\www\DataStat\system\CodeIgniter.php(933): App\Controllers\Auth\LoginController->authenticate()
#8 C:\laragon\www\DataStat\system\CodeIgniter.php(509): CodeIgniter\CodeIgniter->runController(Object(App\Controllers\Auth\LoginController))
#9 C:\laragon\www\DataStat\system\CodeIgniter.php(355): CodeIgniter\CodeIgniter->handleRequest(NULL, Object(Config\Cache), false)
#10 C:\laragon\www\DataStat\system\Boot.php(325): CodeIgniter\CodeIgniter->run()
#11 C:\laragon\www\DataStat\system\Boot.php(67): CodeIgniter\Boot::runCodeIgniter(Object(CodeIgniter\CodeIgniter))
#12 C:\laragon\www\DataStat\public\index.php(56): CodeIgniter\Boot::bootWeb(Object(Config\Paths))
#13 C:\laragon\www\DataStat\system\rewrite.php(44): require_once('C:\\laragon\\www\\...')
#14 {main}
CRITICAL - 2025-12-24 04:30:39 --> CodeIgniter\Database\Exceptions\DatabaseException: Unknown column 'users.role_id' in 'on clause'
[Method: POST, Route: login]
in SYSTEMPATH\Database\BaseConnection.php on line 688.
 1 SYSTEMPATH\Database\BaseBuilder.php(1644): CodeIgniter\Database\BaseConnection->query('SELECT `users`.*, `roles`.`id` as `role_id`, `roles`.`role_name`, `roles`.`description` as `role_label`
FROM `users`
JOIN `roles` ON `roles`.`id` = `users`.`role_id`
WHERE `users`.`id` = :users.id:
AND `users`.`deleted_at` IS NULL
 LIMIT 1', [...], false)
 2 SYSTEMPATH\Model.php(330): CodeIgniter\Database\BaseBuilder->get()
 3 SYSTEMPATH\BaseModel.php(714): CodeIgniter\Model->doFirst()
 4 APPPATH\Controllers\Auth\LoginController.php(107): CodeIgniter\BaseModel->first()
 5 SYSTEMPATH\CodeIgniter.php(933): App\Controllers\Auth\LoginController->authenticate()
 6 SYSTEMPATH\CodeIgniter.php(509): CodeIgniter\CodeIgniter->runController(Object(App\Controllers\Auth\LoginController))
 7 SYSTEMPATH\CodeIgniter.php(355): CodeIgniter\CodeIgniter->handleRequest(null, Object(Config\Cache), false)
 8 SYSTEMPATH\Boot.php(325): CodeIgniter\CodeIgniter->run()
 9 SYSTEMPATH\Boot.php(67): CodeIgniter\Boot::runCodeIgniter(Object(CodeIgniter\CodeIgniter))
10 FCPATH\index.php(56): CodeIgniter\Boot::bootWeb(Object(Config\Paths))
11 SYSTEMPATH\rewrite.php(44): require_once('C:\\laragon\\www\\DataStat\\public\\index.php')
CRITICAL - 2025-12-24 04:30:39 --> [Caused by] CodeIgniter\Database\Exceptions\DatabaseException: Unknown column 'users.role_id' in 'on clause'
in SYSTEMPATH\Database\MySQLi\Connection.php on line 317.
 1 SYSTEMPATH\Database\BaseConnection.php(734): CodeIgniter\Database\MySQLi\Connection->execute('SELECT `users`.*, `roles`.`id` as `role_id`, `roles`.`role_name`, `roles`.`description` as `role_label`
FROM `users`
JOIN `roles` ON `roles`.`id` = `users`.`role_id`
WHERE `users`.`id` = \'2\'
AND `users`.`deleted_at` IS NULL
 LIMIT 1')
 2 SYSTEMPATH\Database\BaseConnection.php(648): CodeIgniter\Database\BaseConnection->simpleQuery('SELECT `users`.*, `roles`.`id` as `role_id`, `roles`.`role_name`, `roles`.`description` as `role_label`
FROM `users`
JOIN `roles` ON `roles`.`id` = `users`.`role_id`
WHERE `users`.`id` = \'2\'
AND `users`.`deleted_at` IS NULL
 LIMIT 1')
 3 SYSTEMPATH\Database\BaseBuilder.php(1644): CodeIgniter\Database\BaseConnection->query('SELECT `users`.*, `roles`.`id` as `role_id`, `roles`.`role_name`, `roles`.`description` as `role_label`
FROM `users`
JOIN `roles` ON `roles`.`id` = `users`.`role_id`
WHERE `users`.`id` = :users.id:
AND `users`.`deleted_at` IS NULL
 LIMIT 1', [...], false)
 4 SYSTEMPATH\Model.php(330): CodeIgniter\Database\BaseBuilder->get()
 5 SYSTEMPATH\BaseModel.php(714): CodeIgniter\Model->doFirst()
 6 APPPATH\Controllers\Auth\LoginController.php(107): CodeIgniter\BaseModel->first()
 7 SYSTEMPATH\CodeIgniter.php(933): App\Controllers\Auth\LoginController->authenticate()
 8 SYSTEMPATH\CodeIgniter.php(509): CodeIgniter\CodeIgniter->runController(Object(App\Controllers\Auth\LoginController))
 9 SYSTEMPATH\CodeIgniter.php(355): CodeIgniter\CodeIgniter->handleRequest(null, Object(Config\Cache), false)
10 SYSTEMPATH\Boot.php(325): CodeIgniter\CodeIgniter->run()
11 SYSTEMPATH\Boot.php(67): CodeIgniter\Boot::runCodeIgniter(Object(CodeIgniter\CodeIgniter))
12 FCPATH\index.php(56): CodeIgniter\Boot::bootWeb(Object(Config\Paths))
13 SYSTEMPATH\rewrite.php(44): require_once('C:\\laragon\\www\\DataStat\\public\\index.php')
CRITICAL - 2025-12-24 04:30:39 --> [Caused by] mysqli_sql_exception: Unknown column 'users.role_id' in 'on clause'
in SYSTEMPATH\Database\MySQLi\Connection.php on line 312.
 1 SYSTEMPATH\Database\MySQLi\Connection.php(312): mysqli->query('SELECT `users`.*, `roles`.`id` as `role_id`, `roles`.`role_name`, `roles`.`description` as `role_label`
FROM `users`
JOIN `roles` ON `roles`.`id` = `users`.`role_id`
WHERE `users`.`id` = \'2\'
AND `users`.`deleted_at` IS NULL
 LIMIT 1', 0)
 2 SYSTEMPATH\Database\BaseConnection.php(734): CodeIgniter\Database\MySQLi\Connection->execute('SELECT `users`.*, `roles`.`id` as `role_id`, `roles`.`role_name`, `roles`.`description` as `role_label`
FROM `users`
JOIN `roles` ON `roles`.`id` = `users`.`role_id`
WHERE `users`.`id` = \'2\'
AND `users`.`deleted_at` IS NULL
 LIMIT 1')
 3 SYSTEMPATH\Database\BaseConnection.php(648): CodeIgniter\Database\BaseConnection->simpleQuery('SELECT `users`.*, `roles`.`id` as `role_id`, `roles`.`role_name`, `roles`.`description` as `role_label`
FROM `users`
JOIN `roles` ON `roles`.`id` = `users`.`role_id`
WHERE `users`.`id` = \'2\'
AND `users`.`deleted_at` IS NULL
 LIMIT 1')
 4 SYSTEMPATH\Database\BaseBuilder.php(1644): CodeIgniter\Database\BaseConnection->query('SELECT `users`.*, `roles`.`id` as `role_id`, `roles`.`role_name`, `roles`.`description` as `role_label`
FROM `users`
JOIN `roles` ON `roles`.`id` = `users`.`role_id`
WHERE `users`.`id` = :users.id:
AND `users`.`deleted_at` IS NULL
 LIMIT 1', [...], false)
 5 SYSTEMPATH\Model.php(330): CodeIgniter\Database\BaseBuilder->get()
 6 SYSTEMPATH\BaseModel.php(714): CodeIgniter\Model->doFirst()
 7 APPPATH\Controllers\Auth\LoginController.php(107): CodeIgniter\BaseModel->first()
 8 SYSTEMPATH\CodeIgniter.php(933): App\Controllers\Auth\LoginController->authenticate()
 9 SYSTEMPATH\CodeIgniter.php(509): CodeIgniter\CodeIgniter->runController(Object(App\Controllers\Auth\LoginController))
10 SYSTEMPATH\CodeIgniter.php(355): CodeIgniter\CodeIgniter->handleRequest(null, Object(Config\Cache), false)
11 SYSTEMPATH\Boot.php(325): CodeIgniter\CodeIgniter->run()
12 SYSTEMPATH\Boot.php(67): CodeIgniter\Boot::runCodeIgniter(Object(CodeIgniter\CodeIgniter))
13 FCPATH\index.php(56): CodeIgniter\Boot::bootWeb(Object(Config\Paths))
14 SYSTEMPATH\rewrite.php(44): require_once('C:\\laragon\\www\\DataStat\\public\\index.php')
INFO - 2025-12-24 04:31:50 --> Session: Class initialized using 'CodeIgniter\Session\Handlers\FileHandler' driver.
ERROR - 2025-12-24 04:31:50 --> mysqli_sql_exception: Unknown column 'users.role_id' in 'on clause' in C:\laragon\www\DataStat\system\Database\MySQLi\Connection.php:312
Stack trace:
#0 C:\laragon\www\DataStat\system\Database\MySQLi\Connection.php(312): mysqli->query('SELECT `users`....', 0)
#1 C:\laragon\www\DataStat\system\Database\BaseConnection.php(734): CodeIgniter\Database\MySQLi\Connection->execute('SELECT `users`....')
#2 C:\laragon\www\DataStat\system\Database\BaseConnection.php(648): CodeIgniter\Database\BaseConnection->simpleQuery('SELECT `users`....')
#3 C:\laragon\www\DataStat\system\Database\BaseBuilder.php(1644): CodeIgniter\Database\BaseConnection->query('SELECT `users`....', Array, false)
#4 C:\laragon\www\DataStat\system\Model.php(330): CodeIgniter\Database\BaseBuilder->get()
#5 C:\laragon\www\DataStat\system\BaseModel.php(714): CodeIgniter\Model->doFirst()
#6 C:\laragon\www\DataStat\app\Controllers\Auth\LoginController.php(107): CodeIgniter\BaseModel->first()
#7 C:\laragon\www\DataStat\system\CodeIgniter.php(933): App\Controllers\Auth\LoginController->authenticate()
#8 C:\laragon\www\DataStat\system\CodeIgniter.php(509): CodeIgniter\CodeIgniter->runController(Object(App\Controllers\Auth\LoginController))
#9 C:\laragon\www\DataStat\system\CodeIgniter.php(355): CodeIgniter\CodeIgniter->handleRequest(NULL, Object(Config\Cache), false)
#10 C:\laragon\www\DataStat\system\Boot.php(325): CodeIgniter\CodeIgniter->run()
#11 C:\laragon\www\DataStat\system\Boot.php(67): CodeIgniter\Boot::runCodeIgniter(Object(CodeIgniter\CodeIgniter))
#12 C:\laragon\www\DataStat\public\index.php(56): CodeIgniter\Boot::bootWeb(Object(Config\Paths))
#13 C:\laragon\www\DataStat\system\rewrite.php(44): require_once('C:\\laragon\\www\\...')
#14 {main}
CRITICAL - 2025-12-24 04:31:50 --> CodeIgniter\Database\Exceptions\DatabaseException: Unknown column 'users.role_id' in 'on clause'
[Method: POST, Route: login]
in SYSTEMPATH\Database\BaseConnection.php on line 688.
 1 SYSTEMPATH\Database\BaseBuilder.php(1644): CodeIgniter\Database\BaseConnection->query('SELECT `users`.*, `roles`.`id` as `role_id`, `roles`.`role_name`, `roles`.`description` as `role_label`
FROM `users`
JOIN `roles` ON `roles`.`id` = `users`.`role_id`
WHERE `users`.`id` = :users.id:
AND `users`.`deleted_at` IS NULL
 LIMIT 1', [...], false)
 2 SYSTEMPATH\Model.php(330): CodeIgniter\Database\BaseBuilder->get()
 3 SYSTEMPATH\BaseModel.php(714): CodeIgniter\Model->doFirst()
 4 APPPATH\Controllers\Auth\LoginController.php(107): CodeIgniter\BaseModel->first()
 5 SYSTEMPATH\CodeIgniter.php(933): App\Controllers\Auth\LoginController->authenticate()
 6 SYSTEMPATH\CodeIgniter.php(509): CodeIgniter\CodeIgniter->runController(Object(App\Controllers\Auth\LoginController))
 7 SYSTEMPATH\CodeIgniter.php(355): CodeIgniter\CodeIgniter->handleRequest(null, Object(Config\Cache), false)
 8 SYSTEMPATH\Boot.php(325): CodeIgniter\CodeIgniter->run()
 9 SYSTEMPATH\Boot.php(67): CodeIgniter\Boot::runCodeIgniter(Object(CodeIgniter\CodeIgniter))
10 FCPATH\index.php(56): CodeIgniter\Boot::bootWeb(Object(Config\Paths))
11 SYSTEMPATH\rewrite.php(44): require_once('C:\\laragon\\www\\DataStat\\public\\index.php')
CRITICAL - 2025-12-24 04:31:50 --> [Caused by] CodeIgniter\Database\Exceptions\DatabaseException: Unknown column 'users.role_id' in 'on clause'
in SYSTEMPATH\Database\MySQLi\Connection.php on line 317.
 1 SYSTEMPATH\Database\BaseConnection.php(734): CodeIgniter\Database\MySQLi\Connection->execute('SELECT `users`.*, `roles`.`id` as `role_id`, `roles`.`role_name`, `roles`.`description` as `role_label`
FROM `users`
JOIN `roles` ON `roles`.`id` = `users`.`role_id`
WHERE `users`.`id` = \'2\'
AND `users`.`deleted_at` IS NULL
 LIMIT 1')
 2 SYSTEMPATH\Database\BaseConnection.php(648): CodeIgniter\Database\BaseConnection->simpleQuery('SELECT `users`.*, `roles`.`id` as `role_id`, `roles`.`role_name`, `roles`.`description` as `role_label`
FROM `users`
JOIN `roles` ON `roles`.`id` = `users`.`role_id`
WHERE `users`.`id` = \'2\'
AND `users`.`deleted_at` IS NULL
 LIMIT 1')
 3 SYSTEMPATH\Database\BaseBuilder.php(1644): CodeIgniter\Database\BaseConnection->query('SELECT `users`.*, `roles`.`id` as `role_id`, `roles`.`role_name`, `roles`.`description` as `role_label`
FROM `users`
JOIN `roles` ON `roles`.`id` = `users`.`role_id`
WHERE `users`.`id` = :users.id:
AND `users`.`deleted_at` IS NULL
 LIMIT 1', [...], false)
 4 SYSTEMPATH\Model.php(330): CodeIgniter\Database\BaseBuilder->get()
 5 SYSTEMPATH\BaseModel.php(714): CodeIgniter\Model->doFirst()
 6 APPPATH\Controllers\Auth\LoginController.php(107): CodeIgniter\BaseModel->first()
 7 SYSTEMPATH\CodeIgniter.php(933): App\Controllers\Auth\LoginController->authenticate()
 8 SYSTEMPATH\CodeIgniter.php(509): CodeIgniter\CodeIgniter->runController(Object(App\Controllers\Auth\LoginController))
 9 SYSTEMPATH\CodeIgniter.php(355): CodeIgniter\CodeIgniter->handleRequest(null, Object(Config\Cache), false)
10 SYSTEMPATH\Boot.php(325): CodeIgniter\CodeIgniter->run()
11 SYSTEMPATH\Boot.php(67): CodeIgniter\Boot::runCodeIgniter(Object(CodeIgniter\CodeIgniter))
12 FCPATH\index.php(56): CodeIgniter\Boot::bootWeb(Object(Config\Paths))
13 SYSTEMPATH\rewrite.php(44): require_once('C:\\laragon\\www\\DataStat\\public\\index.php')
CRITICAL - 2025-12-24 04:31:50 --> [Caused by] mysqli_sql_exception: Unknown column 'users.role_id' in 'on clause'
in SYSTEMPATH\Database\MySQLi\Connection.php on line 312.
 1 SYSTEMPATH\Database\MySQLi\Connection.php(312): mysqli->query('SELECT `users`.*, `roles`.`id` as `role_id`, `roles`.`role_name`, `roles`.`description` as `role_label`
FROM `users`
JOIN `roles` ON `roles`.`id` = `users`.`role_id`
WHERE `users`.`id` = \'2\'
AND `users`.`deleted_at` IS NULL
 LIMIT 1', 0)
 2 SYSTEMPATH\Database\BaseConnection.php(734): CodeIgniter\Database\MySQLi\Connection->execute('SELECT `users`.*, `roles`.`id` as `role_id`, `roles`.`role_name`, `roles`.`description` as `role_label`
FROM `users`
JOIN `roles` ON `roles`.`id` = `users`.`role_id`
WHERE `users`.`id` = \'2\'
AND `users`.`deleted_at` IS NULL
 LIMIT 1')
 3 SYSTEMPATH\Database\BaseConnection.php(648): CodeIgniter\Database\BaseConnection->simpleQuery('SELECT `users`.*, `roles`.`id` as `role_id`, `roles`.`role_name`, `roles`.`description` as `role_label`
FROM `users`
JOIN `roles` ON `roles`.`id` = `users`.`role_id`
WHERE `users`.`id` = \'2\'
AND `users`.`deleted_at` IS NULL
 LIMIT 1')
 4 SYSTEMPATH\Database\BaseBuilder.php(1644): CodeIgniter\Database\BaseConnection->query('SELECT `users`.*, `roles`.`id` as `role_id`, `roles`.`role_name`, `roles`.`description` as `role_label`
FROM `users`
JOIN `roles` ON `roles`.`id` = `users`.`role_id`
WHERE `users`.`id` = :users.id:
AND `users`.`deleted_at` IS NULL
 LIMIT 1', [...], false)
 5 SYSTEMPATH\Model.php(330): CodeIgniter\Database\BaseBuilder->get()
 6 SYSTEMPATH\BaseModel.php(714): CodeIgniter\Model->doFirst()
 7 APPPATH\Controllers\Auth\LoginController.php(107): CodeIgniter\BaseModel->first()
 8 SYSTEMPATH\CodeIgniter.php(933): App\Controllers\Auth\LoginController->authenticate()
 9 SYSTEMPATH\CodeIgniter.php(509): CodeIgniter\CodeIgniter->runController(Object(App\Controllers\Auth\LoginController))
10 SYSTEMPATH\CodeIgniter.php(355): CodeIgniter\CodeIgniter->handleRequest(null, Object(Config\Cache), false)
11 SYSTEMPATH\Boot.php(325): CodeIgniter\CodeIgniter->run()
12 SYSTEMPATH\Boot.php(67): CodeIgniter\Boot::runCodeIgniter(Object(CodeIgniter\CodeIgniter))
13 FCPATH\index.php(56): CodeIgniter\Boot::bootWeb(Object(Config\Paths))
14 SYSTEMPATH\rewrite.php(44): require_once('C:\\laragon\\www\\DataStat\\public\\index.php')
INFO - 2025-12-24 04:31:52 --> Session: Class initialized using 'CodeIgniter\Session\Handlers\FileHandler' driver.
INFO - 2025-12-24 04:32:31 --> Session: Class initialized using 'CodeIgniter\Session\Handlers\FileHandler' driver.
INFO - 2025-12-24 04:32:32 --> Session: Class initialized using 'CodeIgniter\Session\Handlers\FileHandler' driver.
INFO - 2025-12-24 04:32:32 --> Session: Class initialized using 'CodeIgniter\Session\Handlers\FileHandler' driver.
INFO - 2025-12-24 04:32:33 --> Session: Class initialized using 'CodeIgniter\Session\Handlers\FileHandler' driver.
INFO - 2025-12-24 04:32:34 --> Session: Class initialized using 'CodeIgniter\Session\Handlers\FileHandler' driver.
INFO - 2025-12-24 04:32:34 --> Session: Class initialized using 'CodeIgniter\Session\Handlers\FileHandler' driver.
INFO - 2025-12-24 04:32:35 --> Session: Class initialized using 'CodeIgniter\Session\Handlers\FileHandler' driver.
INFO - 2025-12-24 04:32:36 --> Session: Class initialized using 'CodeIgniter\Session\Handlers\FileHandler' driver.
INFO - 2025-12-24 04:32:36 --> Session: Class initialized using 'CodeIgniter\Session\Handlers\FileHandler' driver.
INFO - 2025-12-24 04:32:37 --> Session: Class initialized using 'CodeIgniter\Session\Handlers\FileHandler' driver.
INFO - 2025-12-24 04:32:38 --> Session: Class initialized using 'CodeIgniter\Session\Handlers\FileHandler' driver.
INFO - 2025-12-24 04:32:38 --> Session: Class initialized using 'CodeIgniter\Session\Handlers\FileHandler' driver.
INFO - 2025-12-24 04:32:39 --> Session: Class initialized using 'CodeIgniter\Session\Handlers\FileHandler' driver.
INFO - 2025-12-24 04:32:39 --> Session: Class initialized using 'CodeIgniter\Session\Handlers\FileHandler' driver.
INFO - 2025-12-24 04:32:40 --> Session: Class initialized using 'CodeIgniter\Session\Handlers\FileHandler' driver.
INFO - 2025-12-24 04:32:41 --> Session: Class initialized using 'CodeIgniter\Session\Handlers\FileHandler' driver.
INFO - 2025-12-24 04:32:42 --> Session: Class initialized using 'CodeIgniter\Session\Handlers\FileHandler' driver.
INFO - 2025-12-24 04:32:42 --> Session: Class initialized using 'CodeIgniter\Session\Handlers\FileHandler' driver.
INFO - 2025-12-24 04:32:58 --> Session: Class initialized using 'CodeIgniter\Session\Handlers\FileHandler' driver.
ERROR - 2025-12-24 04:32:58 --> mysqli_sql_exception: Unknown column 'users.role_id' in 'on clause' in C:\laragon\www\DataStat\system\Database\MySQLi\Connection.php:312
Stack trace:
#0 C:\laragon\www\DataStat\system\Database\MySQLi\Connection.php(312): mysqli->query('SELECT `users`....', 0)
#1 C:\laragon\www\DataStat\system\Database\BaseConnection.php(734): CodeIgniter\Database\MySQLi\Connection->execute('SELECT `users`....')
#2 C:\laragon\www\DataStat\system\Database\BaseConnection.php(648): CodeIgniter\Database\BaseConnection->simpleQuery('SELECT `users`....')
#3 C:\laragon\www\DataStat\system\Database\BaseBuilder.php(1644): CodeIgniter\Database\BaseConnection->query('SELECT `users`....', Array, false)
#4 C:\laragon\www\DataStat\system\Model.php(330): CodeIgniter\Database\BaseBuilder->get()
#5 C:\laragon\www\DataStat\system\BaseModel.php(714): CodeIgniter\Model->doFirst()
#6 C:\laragon\www\DataStat\app\Controllers\Auth\LoginController.php(107): CodeIgniter\BaseModel->first()
#7 C:\laragon\www\DataStat\system\CodeIgniter.php(933): App\Controllers\Auth\LoginController->authenticate()
#8 C:\laragon\www\DataStat\system\CodeIgniter.php(509): CodeIgniter\CodeIgniter->runController(Object(App\Controllers\Auth\LoginController))
#9 C:\laragon\www\DataStat\system\CodeIgniter.php(355): CodeIgniter\CodeIgniter->handleRequest(NULL, Object(Config\Cache), false)
#10 C:\laragon\www\DataStat\system\Boot.php(325): CodeIgniter\CodeIgniter->run()
#11 C:\laragon\www\DataStat\system\Boot.php(67): CodeIgniter\Boot::runCodeIgniter(Object(CodeIgniter\CodeIgniter))
#12 C:\laragon\www\DataStat\public\index.php(56): CodeIgniter\Boot::bootWeb(Object(Config\Paths))
#13 C:\laragon\www\DataStat\system\rewrite.php(44): require_once('C:\\laragon\\www\\...')
#14 {main}
CRITICAL - 2025-12-24 04:32:58 --> CodeIgniter\Database\Exceptions\DatabaseException: Unknown column 'users.role_id' in 'on clause'
[Method: POST, Route: login]
in SYSTEMPATH\Database\BaseConnection.php on line 688.
 1 SYSTEMPATH\Database\BaseBuilder.php(1644): CodeIgniter\Database\BaseConnection->query('SELECT `users`.*, `roles`.`id` as `role_id`, `roles`.`role_name`, `roles`.`description` as `role_label`
FROM `users`
JOIN `roles` ON `roles`.`id` = `users`.`role_id`
WHERE `users`.`id` = :users.id:
AND `users`.`deleted_at` IS NULL
 LIMIT 1', [...], false)
 2 SYSTEMPATH\Model.php(330): CodeIgniter\Database\BaseBuilder->get()
 3 SYSTEMPATH\BaseModel.php(714): CodeIgniter\Model->doFirst()
 4 APPPATH\Controllers\Auth\LoginController.php(107): CodeIgniter\BaseModel->first()
 5 SYSTEMPATH\CodeIgniter.php(933): App\Controllers\Auth\LoginController->authenticate()
 6 SYSTEMPATH\CodeIgniter.php(509): CodeIgniter\CodeIgniter->runController(Object(App\Controllers\Auth\LoginController))
 7 SYSTEMPATH\CodeIgniter.php(355): CodeIgniter\CodeIgniter->handleRequest(null, Object(Config\Cache), false)
 8 SYSTEMPATH\Boot.php(325): CodeIgniter\CodeIgniter->run()
 9 SYSTEMPATH\Boot.php(67): CodeIgniter\Boot::runCodeIgniter(Object(CodeIgniter\CodeIgniter))
10 FCPATH\index.php(56): CodeIgniter\Boot::bootWeb(Object(Config\Paths))
11 SYSTEMPATH\rewrite.php(44): require_once('C:\\laragon\\www\\DataStat\\public\\index.php')
CRITICAL - 2025-12-24 04:32:58 --> [Caused by] CodeIgniter\Database\Exceptions\DatabaseException: Unknown column 'users.role_id' in 'on clause'
in SYSTEMPATH\Database\MySQLi\Connection.php on line 317.
 1 SYSTEMPATH\Database\BaseConnection.php(734): CodeIgniter\Database\MySQLi\Connection->execute('SELECT `users`.*, `roles`.`id` as `role_id`, `roles`.`role_name`, `roles`.`description` as `role_label`
FROM `users`
JOIN `roles` ON `roles`.`id` = `users`.`role_id`
WHERE `users`.`id` = \'2\'
AND `users`.`deleted_at` IS NULL
 LIMIT 1')
 2 SYSTEMPATH\Database\BaseConnection.php(648): CodeIgniter\Database\BaseConnection->simpleQuery('SELECT `users`.*, `roles`.`id` as `role_id`, `roles`.`role_name`, `roles`.`description` as `role_label`
FROM `users`
JOIN `roles` ON `roles`.`id` = `users`.`role_id`
WHERE `users`.`id` = \'2\'
AND `users`.`deleted_at` IS NULL
 LIMIT 1')
 3 SYSTEMPATH\Database\BaseBuilder.php(1644): CodeIgniter\Database\BaseConnection->query('SELECT `users`.*, `roles`.`id` as `role_id`, `roles`.`role_name`, `roles`.`description` as `role_label`
FROM `users`
JOIN `roles` ON `roles`.`id` = `users`.`role_id`
WHERE `users`.`id` = :users.id:
AND `users`.`deleted_at` IS NULL
 LIMIT 1', [...], false)
 4 SYSTEMPATH\Model.php(330): CodeIgniter\Database\BaseBuilder->get()
 5 SYSTEMPATH\BaseModel.php(714): CodeIgniter\Model->doFirst()
 6 APPPATH\Controllers\Auth\LoginController.php(107): CodeIgniter\BaseModel->first()
 7 SYSTEMPATH\CodeIgniter.php(933): App\Controllers\Auth\LoginController->authenticate()
 8 SYSTEMPATH\CodeIgniter.php(509): CodeIgniter\CodeIgniter->runController(Object(App\Controllers\Auth\LoginController))
 9 SYSTEMPATH\CodeIgniter.php(355): CodeIgniter\CodeIgniter->handleRequest(null, Object(Config\Cache), false)
10 SYSTEMPATH\Boot.php(325): CodeIgniter\CodeIgniter->run()
11 SYSTEMPATH\Boot.php(67): CodeIgniter\Boot::runCodeIgniter(Object(CodeIgniter\CodeIgniter))
12 FCPATH\index.php(56): CodeIgniter\Boot::bootWeb(Object(Config\Paths))
13 SYSTEMPATH\rewrite.php(44): require_once('C:\\laragon\\www\\DataStat\\public\\index.php')
CRITICAL - 2025-12-24 04:32:58 --> [Caused by] mysqli_sql_exception: Unknown column 'users.role_id' in 'on clause'
in SYSTEMPATH\Database\MySQLi\Connection.php on line 312.
 1 SYSTEMPATH\Database\MySQLi\Connection.php(312): mysqli->query('SELECT `users`.*, `roles`.`id` as `role_id`, `roles`.`role_name`, `roles`.`description` as `role_label`
FROM `users`
JOIN `roles` ON `roles`.`id` = `users`.`role_id`
WHERE `users`.`id` = \'2\'
AND `users`.`deleted_at` IS NULL
 LIMIT 1', 0)
 2 SYSTEMPATH\Database\BaseConnection.php(734): CodeIgniter\Database\MySQLi\Connection->execute('SELECT `users`.*, `roles`.`id` as `role_id`, `roles`.`role_name`, `roles`.`description` as `role_label`
FROM `users`
JOIN `roles` ON `roles`.`id` = `users`.`role_id`
WHERE `users`.`id` = \'2\'
AND `users`.`deleted_at` IS NULL
 LIMIT 1')
 3 SYSTEMPATH\Database\BaseConnection.php(648): CodeIgniter\Database\BaseConnection->simpleQuery('SELECT `users`.*, `roles`.`id` as `role_id`, `roles`.`role_name`, `roles`.`description` as `role_label`
FROM `users`
JOIN `roles` ON `roles`.`id` = `users`.`role_id`
WHERE `users`.`id` = \'2\'
AND `users`.`deleted_at` IS NULL
 LIMIT 1')
 4 SYSTEMPATH\Database\BaseBuilder.php(1644): CodeIgniter\Database\BaseConnection->query('SELECT `users`.*, `roles`.`id` as `role_id`, `roles`.`role_name`, `roles`.`description` as `role_label`
FROM `users`
JOIN `roles` ON `roles`.`id` = `users`.`role_id`
WHERE `users`.`id` = :users.id:
AND `users`.`deleted_at` IS NULL
 LIMIT 1', [...], false)
 5 SYSTEMPATH\Model.php(330): CodeIgniter\Database\BaseBuilder->get()
 6 SYSTEMPATH\BaseModel.php(714): CodeIgniter\Model->doFirst()
 7 APPPATH\Controllers\Auth\LoginController.php(107): CodeIgniter\BaseModel->first()
 8 SYSTEMPATH\CodeIgniter.php(933): App\Controllers\Auth\LoginController->authenticate()
 9 SYSTEMPATH\CodeIgniter.php(509): CodeIgniter\CodeIgniter->runController(Object(App\Controllers\Auth\LoginController))
10 SYSTEMPATH\CodeIgniter.php(355): CodeIgniter\CodeIgniter->handleRequest(null, Object(Config\Cache), false)
11 SYSTEMPATH\Boot.php(325): CodeIgniter\CodeIgniter->run()
12 SYSTEMPATH\Boot.php(67): CodeIgniter\Boot::runCodeIgniter(Object(CodeIgniter\CodeIgniter))
13 FCPATH\index.php(56): CodeIgniter\Boot::bootWeb(Object(Config\Paths))
14 SYSTEMPATH\rewrite.php(44): require_once('C:\\laragon\\www\\DataStat\\public\\index.php')
INFO - 2025-12-24 04:34:42 --> Session: Class initialized using 'CodeIgniter\Session\Handlers\FileHandler' driver.
INFO - 2025-12-24 04:34:42 --> Session: Class initialized using 'CodeIgniter\Session\Handlers\FileHandler' driver.
INFO - 2025-12-24 04:34:42 --> Session: Class initialized using 'CodeIgniter\Session\Handlers\FileHandler' driver.
INFO - 2025-12-24 04:34:46 --> Session: Class initialized using 'CodeIgniter\Session\Handlers\FileHandler' driver.
INFO - 2025-12-24 04:34:46 --> Session: Class initialized using 'CodeIgniter\Session\Handlers\FileHandler' driver.
INFO - 2025-12-24 04:34:46 --> Session: Class initialized using 'CodeIgniter\Session\Handlers\FileHandler' driver.
INFO - 2025-12-24 04:36:17 --> Session: Class initialized using 'CodeIgniter\Session\Handlers\FileHandler' driver.
INFO - 2025-12-24 04:36:18 --> Session: Class initialized using 'CodeIgniter\Session\Handlers\FileHandler' driver.
INFO - 2025-12-24 04:36:19 --> Session: Class initialized using 'CodeIgniter\Session\Handlers\FileHandler' driver.
INFO - 2025-12-24 04:36:19 --> Session: Class initialized using 'CodeIgniter\Session\Handlers\FileHandler' driver.
INFO - 2025-12-24 04:36:19 --> Session: Class initialized using 'CodeIgniter\Session\Handlers\FileHandler' driver.
INFO - 2025-12-24 04:36:20 --> Session: Class initialized using 'CodeIgniter\Session\Handlers\FileHandler' driver.
INFO - 2025-12-24 04:36:23 --> Session: Class initialized using 'CodeIgniter\Session\Handlers\FileHandler' driver.
INFO - 2025-12-24 04:36:23 --> Session: Class initialized using 'CodeIgniter\Session\Handlers\FileHandler' driver.
INFO - 2025-12-24 04:36:28 --> Session: Class initialized using 'CodeIgniter\Session\Handlers\FileHandler' driver.
INFO - 2025-12-24 04:36:32 --> Session: Class initialized using 'CodeIgniter\Session\Handlers\FileHandler' driver.
INFO - 2025-12-24 04:36:53 --> Session: Class initialized using 'CodeIgniter\Session\Handlers\FileHandler' driver.
INFO - 2025-12-24 04:37:08 --> Session: Class initialized using 'CodeIgniter\Session\Handlers\FileHandler' driver.
INFO - 2025-12-24 04:37:23 --> Session: Class initialized using 'CodeIgniter\Session\Handlers\FileHandler' driver.
INFO - 2025-12-24 04:37:29 --> Session: Class initialized using 'CodeIgniter\Session\Handlers\FileHandler' driver.
INFO - 2025-12-24 04:37:41 --> Session: Class initialized using 'CodeIgniter\Session\Handlers\FileHandler' driver.
INFO - 2025-12-24 04:40:23 --> Session: Class initialized using 'CodeIgniter\Session\Handlers\FileHandler' driver.
INFO - 2025-12-24 04:40:25 --> Session: Class initialized using 'CodeIgniter\Session\Handlers\FileHandler' driver.
INFO - 2025-12-24 04:40:27 --> Session: Class initialized using 'CodeIgniter\Session\Handlers\FileHandler' driver.
INFO - 2025-12-24 04:40:29 --> Session: Class initialized using 'CodeIgniter\Session\Handlers\FileHandler' driver.
INFO - 2025-12-24 04:40:30 --> Session: Class initialized using 'CodeIgniter\Session\Handlers\FileHandler' driver.
INFO - 2025-12-24 04:40:57 --> Session: Class initialized using 'CodeIgniter\Session\Handlers\FileHandler' driver.
INFO - 2025-12-24 04:40:58 --> Session: Class initialized using 'CodeIgniter\Session\Handlers\FileHandler' driver.
INFO - 2025-12-24 04:41:00 --> Session: Class initialized using 'CodeIgniter\Session\Handlers\FileHandler' driver.
INFO - 2025-12-24 04:41:08 --> Session: Class initialized using 'CodeIgniter\Session\Handlers\FileHandler' driver.
INFO - 2025-12-24 04:41:12 --> Session: Class initialized using 'CodeIgniter\Session\Handlers\FileHandler' driver.
INFO - 2025-12-24 04:41:13 --> Session: Class initialized using 'CodeIgniter\Session\Handlers\FileHandler' driver.
INFO - 2025-12-24 04:41:23 --> Session: Class initialized using 'CodeIgniter\Session\Handlers\FileHandler' driver.
INFO - 2025-12-24 04:41:35 --> Session: Class initialized using 'CodeIgniter\Session\Handlers\FileHandler' driver.
INFO - 2025-12-24 04:41:37 --> Session: Class initialized using 'CodeIgniter\Session\Handlers\FileHandler' driver.
INFO - 2025-12-24 04:41:38 --> Session: Class initialized using 'CodeIgniter\Session\Handlers\FileHandler' driver.
INFO - 2025-12-24 04:41:39 --> Session: Class initialized using 'CodeIgniter\Session\Handlers\FileHandler' driver.
INFO - 2025-12-24 04:41:41 --> Session: Class initialized using 'CodeIgniter\Session\Handlers\FileHandler' driver.
INFO - 2025-12-24 04:42:52 --> Session: Class initialized using 'CodeIgniter\Session\Handlers\FileHandler' driver.
INFO - 2025-12-24 04:42:54 --> Session: Class initialized using 'CodeIgniter\Session\Handlers\FileHandler' driver.
INFO - 2025-12-24 04:43:08 --> Session: Class initialized using 'CodeIgniter\Session\Handlers\FileHandler' driver.
INFO - 2025-12-24 04:43:10 --> Session: Class initialized using 'CodeIgniter\Session\Handlers\FileHandler' driver.
INFO - 2025-12-24 04:43:14 --> Session: Class initialized using 'CodeIgniter\Session\Handlers\FileHandler' driver.
INFO - 2025-12-24 04:43:17 --> Session: Class initialized using 'CodeIgniter\Session\Handlers\FileHandler' driver.
INFO - 2025-12-24 04:43:32 --> Session: Class initialized using 'CodeIgniter\Session\Handlers\FileHandler' driver.
INFO - 2025-12-24 04:43:33 --> Session: Class initialized using 'CodeIgniter\Session\Handlers\FileHandler' driver.
INFO - 2025-12-24 04:43:35 --> Session: Class initialized using 'CodeIgniter\Session\Handlers\FileHandler' driver.
INFO - 2025-12-24 04:45:21 --> Session: Class initialized using 'CodeIgniter\Session\Handlers\FileHandler' driver.
INFO - 2025-12-24 04:45:36 --> Session: Class initialized using 'CodeIgniter\Session\Handlers\FileHandler' driver.
INFO - 2025-12-24 04:45:38 --> Session: Class initialized using 'CodeIgniter\Session\Handlers\FileHandler' driver.
INFO - 2025-12-24 04:45:39 --> Session: Class initialized using 'CodeIgniter\Session\Handlers\FileHandler' driver.
INFO - 2025-12-24 04:45:44 --> Session: Class initialized using 'CodeIgniter\Session\Handlers\FileHandler' driver.
INFO - 2025-12-24 04:45:45 --> Session: Class initialized using 'CodeIgniter\Session\Handlers\FileHandler' driver.
INFO - 2025-12-24 04:45:45 --> Session: Class initialized using 'CodeIgniter\Session\Handlers\FileHandler' driver.
INFO - 2025-12-24 04:45:50 --> Session: Class initialized using 'CodeIgniter\Session\Handlers\FileHandler' driver.
CRITICAL - 2025-12-24 04:45:50 --> ErrorException: Type of App\Models\Owner\DatasetRecordModel::$casts must be array (as in class CodeIgniter\BaseModel)
[Method: GET, Route: owner/statistics]
in APPPATH\Models\Owner\DatasetRecordModel.php on line 33.
 1 [internal function]: CodeIgniter\Debug\Exceptions->shutdownHandler()
INFO - 2025-12-24 04:46:23 --> Session: Class initialized using 'CodeIgniter\Session\Handlers\FileHandler' driver.
INFO - 2025-12-24 04:46:23 --> Session: Class initialized using 'CodeIgniter\Session\Handlers\FileHandler' driver.
INFO - 2025-12-24 04:46:24 --> Session: Class initialized using 'CodeIgniter\Session\Handlers\FileHandler' driver.
INFO - 2025-12-24 04:46:25 --> Session: Class initialized using 'CodeIgniter\Session\Handlers\FileHandler' driver.
INFO - 2025-12-24 04:46:36 --> Session: Class initialized using 'CodeIgniter\Session\Handlers\FileHandler' driver.
INFO - 2025-12-24 04:46:36 --> Session: Class initialized using 'CodeIgniter\Session\Handlers\FileHandler' driver.
INFO - 2025-12-24 04:46:36 --> Session: Class initialized using 'CodeIgniter\Session\Handlers\FileHandler' driver.
INFO - 2025-12-24 04:46:38 --> Session: Class initialized using 'CodeIgniter\Session\Handlers\FileHandler' driver.
INFO - 2025-12-24 04:46:41 --> Session: Class initialized using 'CodeIgniter\Session\Handlers\FileHandler' driver.
INFO - 2025-12-24 04:46:42 --> Session: Class initialized using 'CodeIgniter\Session\Handlers\FileHandler' driver.
INFO - 2025-12-24 04:46:42 --> Session: Class initialized using 'CodeIgniter\Session\Handlers\FileHandler' driver.
INFO - 2025-12-24 04:46:46 --> Session: Class initialized using 'CodeIgniter\Session\Handlers\FileHandler' driver.
INFO - 2025-12-24 04:46:50 --> Session: Class initialized using 'CodeIgniter\Session\Handlers\FileHandler' driver.
INFO - 2025-12-24 04:46:52 --> Session: Class initialized using 'CodeIgniter\Session\Handlers\FileHandler' driver.
INFO - 2025-12-24 04:46:54 --> Session: Class initialized using 'CodeIgniter\Session\Handlers\FileHandler' driver.
INFO - 2025-12-24 04:46:55 --> Session: Class initialized using 'CodeIgniter\Session\Handlers\FileHandler' driver.
INFO - 2025-12-24 04:48:17 --> Session: Class initialized using 'CodeIgniter\Session\Handlers\FileHandler' driver.
INFO - 2025-12-24 04:48:19 --> Session: Class initialized using 'CodeIgniter\Session\Handlers\FileHandler' driver.
INFO - 2025-12-24 04:50:35 --> Session: Class initialized using 'CodeIgniter\Session\Handlers\FileHandler' driver.
